goalie_id,total_saves,puck_freezes,rebound_shots_allowed,effective_saves,adj_rebound_pct,rebound_shots_per_60_saves,league_mean_adjrp,regressed_adjrp_c5000,regressed_adjrp_c10000
8470594,21,0,0,21,0.0,0.0,0.0012509125400318657,0.0012456806811709476,0.0012482911286616763
8471734,185,0,0,185,0.0,0.0,0.0012509125400318657,0.0012062801736083563,0.001228191006413221
8474593,350,0,0,350,0.0,0.0,0.0012509125400318657,0.001169077140216697,0.001208611149789242
8474596,367,0,0,367,0.0,0.0,0.0012509125400318657,0.00116537408238482,0.0012066292466787554
8475311,486,0,0,486,0.0,0.0,0.0012509125400318657,0.001140095278920767,0.0011929358573639765
8475660,344,0,0,344,0.0,0.0,0.0012509125400318657,0.0011703897268262216,0.0012093122003401639
8475683,420,0,0,420,0.0,0.0,0.0012509125400318657,0.0011539783579629758,0.0012004918810286618
8475717,209,0,0,209,0.0,0.0,0.0012509125400318657,0.0012007223459703069,0.001225303692851274
8475809,445,0,0,445,0.0,0.0,0.0012509125400318657,0.0011486800183947343,0.0011976185160668892
8475831,153,0,0,153,0.0,0.0,0.0012509125400318657,0.001213771143054401,0.0012320619915609826
8475852,218,0,0,218,0.0,0.0,0.0012509125400318657,0.0011986513415406916,0.0012242244470854037
8475883,327,0,0,327,0.0,0.0,0.0012509125400318657,0.0011741247794554773,0.0012113029340872139
8476341,188,0,0,188,0.0,0.0,0.0012509125400318657,0.0012055826330299398,0.0012278293482841241
8476412,422,0,0,422,0.0,0.0,0.0012509125400318657,0.0011535526927626942,0.0012002615045402663
8476434,366,0,0,366,0.0,0.0,0.0012509125400318657,0.0011655912598135163,0.0012067456492686336
8476883,459,0,0,459,0.0,0.0,0.0012509125400318657,0.0011457341454770705,0.0011960154317160968
8476899,95,0,0,95,0.0,0.0,0.0012509125400318657,0.0012275883611696425,0.0012391407033500402
8476914,323,0,22,323,0.068111,4.0867,0.0012509125400318657,0.005308014784925668,0.0033429357163923916
8476932,298,0,0,298,0.0,0.0,0.0012509125400318657,0.0011805516610342258,0.0012147140610136587
8476945,391,0,0,391,0.0,0.0,0.0012509125400318657,0.0011601859952067015,0.0012038423058722601
8476999,480,0,0,480,0.0,0.0,0.0012509125400318657,0.0011413435584232351,0.0011936188359082688
8477424,563,0,0,563,0.0,0.0,0.0012509125400318657,0.0011243147043248837,0.0011842398371976386
8477465,317,0,0,317,0.0,0.0,0.0012509125400318657,0.0011763330261725276,0.0012124770185440203
8477480,325,0,0,325,0.0,0.0,0.0012509125400318657,0.0011745657652881367,0.0012115375690381265
8477967,239,0,0,239,0.0,0.0,0.0012509125400318657,0.0011938466692420935,0.0012217135853421874
8477968,377,0,0,377,0.0,0.0,0.0012509125400318657,0.0011632067510060123,0.0012054664546900507
8477970,177,0,0,177,0.0,0.0,0.0012509125400318657,0.0012081442341431966,0.0012291564705039458
8477992,290,0,0,290,0.0,0.0,0.0012509125400318657,0.0011823369943590413,0.0012156584451232903
8478007,372,0,0,372,0.0,0.0,0.0012509125400318657,0.0011642894080713566,0.00120604757041252
8478009,536,0,0,536,0.0,0.0,0.0012509125400318657,0.0011297981756068151,0.0011872746203795232
8478024,144,0,0,144,0.0,0.0,0.0012509125400318657,0.0012158947706375055,0.0012331551064982903
8478048,612,0,0,612,0.0,0.0,0.0012509125400318657,0.0011144979864859815,0.001178771711300288
8478406,257,0,0,257,0.0,0.0,0.0012509125400318657,0.0011897589309795185,0.0012195696012789956
8478435,408,0,0,408,0.0,0.0,0.0012509125400318657,0.0011565389608282782,0.001201875999261977
8478470,290,0,0,290,0.0,0.0,0.0012509125400318657,0.0011823369943590413,0.0012156584451232903
8478499,103,0,0,103,0.0,0.0,0.0012509125400318657,0.0012256638644247164,0.0012381594972105967
8478872,478,0,0,478,0.0,0.0,0.0012509125400318657,0.001141760259247778,0.0011938466692420935
8478916,435,0,0,435,0.0,0.0,0.0012509125400318657,0.001150793505089113,0.001198766209901165
8478971,23,0,0,23,0.0,0.0,0.0012509125400318657,0.001245184690455769,0.0012480420433322015
8479193,279,0,0,279,0.0,0.0,0.0012509125400318657,0.0011848006630345385,0.0012169593735109113
8479292,227,0,0,227,0.0,0.0,0.0012509125400318657,0.0011965874689419034,0.0012231471008427356
8479312,367,0,0,367,0.0,0.0,0.0012509125400318657,0.00116537408238482,0.0012066292466787554
8479361,243,0,0,243,0.0,0.0,0.0012509125400318657,0.0011929358573639765,0.0012212364932459882
8479394,75,0,0,75,0.0,0.0,0.0012509125400318657,0.001232426147814646,0.0012416005360117773
8479406,496,0,0,496,0.0,0.0,0.0012509125400318657,0.0011380208697524252,0.001191799294999872
8479496,271,0,0,271,0.0,0.0,0.0012509125400318657,0.0011865988806980322,0.0012179072534630178
8479973,479,0,0,479,0.0,0.0,0.0012509125400318657,0.001141551870808419,0.001193732741704233
8479979,487,0,0,487,0.0,0.0,0.0012509125400318657,0.0011398874977509256,0.0011928221035871704
8480045,215,0,0,215,0.0,0.0,0.0012509125400318657,0.0011993408821015011,0.0012245839843679546
8480051,66,0,0,66,0.0,0.0,0.0012509125400318657,0.0012346156139280157,0.0012427106497435582
8480193,215,0,0,215,0.0,0.0,0.0012509125400318657,0.0011993408821015011,0.0012245839843679546
8480238,33,0,0,33,0.0,0.0,0.0012509125400318657,0.0012427106497435582,0.0012467981062811379
8480280,526,0,0,526,0.0,0.0,0.0012509125400318657,0.0011318426891348766,0.0011884025651072256
8480313,482,0,0,482,0.0,0.0,0.0012509125400318657,0.0011409271616489105,0.0011933910895171394
8480843,452,0,0,452,0.0,0.0,0.0012509125400318657,0.0011472051907849097,0.001196816437076029
8480947,407,0,0,407,0.0,0.0,0.0012509125400318657,0.001156752857436532,0.0012019914865300909
8480981,335,0,0,335,0.0,0.0,0.0012509125400318657,0.0011723641424853475,0.001210365302401418
8481020,145,0,0,145,0.0,0.0,0.0012509125400318657,0.0012156584451232903,0.0012330335535060283
8481033,334,0,0,334,0.0,0.0,0.0012509125400318657,0.001172583933288213,0.001210482426971033
8481035,216,0,0,216,0.0,0.0,0.0012509125400318657,0.0011991109471164356,0.0012244641151447392
8481519,556,0,0,556,0.0,0.0,0.0012509125400318657,0.0011257312275304767,0.0011850251421294674
8481529,41,0,0,41,0.0,0.0,0.0012509125400318657,0.0012407384844592994,0.0012458047405954245
8481551,194,0,0,194,0.0,0.0,0.0012509125400318657,0.0012041899692259008,0.0012271066706218026
8481611,106,0,0,106,0.0,0.0,0.0012509125400318657,0.0012249437328945023,0.0012377919454105142
8481668,311,0,0,311,0.0,0.0,0.0012509125400318657,0.0011776619657615003,0.0012131825623429985
8481692,531,0,0,531,0.0,0.0,0.0012509125400318657,0.0011308195082551668,0.0011878383249756582
8482076,30,0,0,30,0.0,0.0,0.0012509125400318657,0.0012434518290575206,0.0012471710269510126
8482137,532,0,19,532,0.035714,2.1429,0.0012509125400318657,0.004565177639218967,0.0029917513672919347
8482221,28,0,0,28,0.0,0.0,0.0012509125400318657,0.0012439464399680445,0.0012474197646907316
8482445,237,0,0,237,0.0,0.0,0.0012509125400318657,0.0011943025969370494,0.0012219522712043232
8482447,157,0,0,157,0.0,0.0,0.0012509125400318657,0.0012128296878338818,0.0012315767845149804
8482487,382,0,0,382,0.0,0.0,0.0012509125400318657,0.001162126105566579,0.0012048858987014695
8482661,322,0,0,322,0.0,0.0,0.0012509125400318657,0.0011752278654940489,0.001211889691951042
8482761,145,0,0,145,0.0,0.0,0.0012509125400318657,0.0012156584451232903,0.0012330335535060283
8482783,26,0,0,26,0.0,0.0,0.0012509125400318657,0.0012444414445203598,0.00124766860166753
8482821,245,0,0,245,0.0,0.0,0.0012509125400318657,0.0011924809723850007,0.0012209980869027483
8482982,476,0,0,476,0.0,0.0,0.0012509125400318657,0.0011421772644556844,0.0011940745895684093
8483114,54,0,0,54,0.0,0.0,0.0012509125400318657,0.001237547032085344,0.0012441938930096137
8483548,203,0,0,203,0.0,0.0,0.0012509125400318657,0.0012021069959944892,0.0012260242478014953
8483703,72,0,0,72,0.0,0.0,0.0012509125400318657,0.0012331551064982903,0.001241970353486761
8483710,218,0,0,218,0.0,0.0,0.0012509125400318657,0.0011986513415406916,0.0012242244470854037
8483746,10,0,0,10,0.0,0.0,0.0012509125400318657,0.0012484157086146363,0.001249662877154711
8484268,88,0,0,88,0.0,0.0,0.0012509125400318657,0.0012292772602514402,0.0012400005353210405
