goalie_id,goalie_name,total_shots_faced,total_xGA,total_GA,raw_gsax,regressed_gsax,league_sv_pct,calculated_at
8470594,Marc-Andre Fleury,520,37.5532,42,-4.4468,-2.267,0.9254,2025-12-15 10:13:14.910556
8470594,,2,0.0507,1,-0.9493,-0.0038,0.9254,2025-12-15 10:13:14.910556
8470594,Marc-Andre Fleury,1652,141.9503,114,27.9503,21.4563,0.9254,2025-12-15 10:13:14.910556
8471734,Jonathan Quick,450,32.2001,22,10.2001,4.8316,0.9254,2025-12-15 10:13:14.910556
8471734,Jonathan Quick,2051,180.5574,138,42.5574,34.2161,0.9254,2025-12-15 10:13:14.910556
8471774,Alex Stalock,4,0.2789,0,0.2789,0.0022,0.9254,2025-12-15 10:13:14.910556
8473503,James Reimer,331,24.0577,23,1.0577,0.4213,0.9254,2025-12-15 10:13:14.910556
8473503,James Reimer,1530,142.8556,104,38.8556,29.2853,0.9254,2025-12-15 10:13:14.910556
8473575,Semyon Varlamov,215,15.2938,15,0.2938,0.0883,0.9254,2025-12-15 10:13:14.910556
8473575,Semyon Varlamov,1474,141.3507,111,30.3507,22.6631,0.9254,2025-12-15 10:13:14.910556
8474593,Jacob Markstrom,639,52.3578,50,2.3578,1.3228,0.9254,2025-12-15 10:13:14.910556
8474593,Jacob Markstrom,4353,398.2576,313,85.2576,76.4736,0.9254,2025-12-15 10:13:14.910556
8474596,Jake Allen,475,38.5148,37,1.5148,0.738,0.9254,2025-12-15 10:13:14.910556
8474596,Jake Allen,3002,274.4941,216,58.4941,50.1426,0.9254,2025-12-15 10:13:14.910556
8474636,Michael Hutchinson,25,2.1599,2,0.1599,0.0076,0.9254,2025-12-15 10:13:14.910556
8474636,Michael Hutchinson,45,3.9928,3,0.9928,0.082,0.9254,2025-12-15 10:13:14.910556
8474682,Dustin Tokarski,172,18.6638,14,4.6638,1.1937,0.9254,2025-12-15 10:13:14.910556
8474889,Martin Jones,6,0.4613,0,0.4613,0.0055,0.9254,2025-12-15 10:13:14.910556
8474889,Martin Jones,874,85.102,72,13.102,8.3342,0.9254,2025-12-15 10:13:14.910556
8475311,Darcy Kuemper,617,47.2898,52,-4.7102,-2.6018,0.9254,2025-12-15 10:13:14.910556
8475311,Darcy Kuemper,3664,334.0479,244,90.0479,79.2353,0.9254,2025-12-15 10:13:14.910556
8475660,Cam Talbot,724,47.9,42,5.9,3.4898,0.9254,2025-12-15 10:13:14.910556
8475660,Cam Talbot,4450,404.0074,346,58.0074,52.148,0.9254,2025-12-15 10:13:14.910556
8475683,Sergei Bobrovsky,629,42.6106,46,-3.3894,-1.8883,0.9254,2025-12-15 10:13:14.910556
8475683,Sergei Bobrovsky,6681,618.882,486,132.882,123.6296,0.9254,2025-12-15 10:13:14.910556
8475717,Calvin Pickard,42,2.7625,4,-1.2375,-0.0959,0.9254,2025-12-15 10:13:14.910556
8475717,Calvin Pickard,2186,192.3559,162,30.3559,24.7052,0.9254,2025-12-15 10:13:14.910556
8475789,Jack Campbell,261,25.1893,33,-7.8107,-2.6788,0.9254,2025-12-15 10:13:14.910556
8475789,Jack Campbell,81,8.0688,8,0.0688,0.0096,0.9254,2025-12-15 10:13:14.910556
8475809,Scott Wedgewood,278,19.0677,25,-5.9323,-2.1198,0.9254,2025-12-15 10:13:14.910556
8475809,Scott Wedgewood,2728,227.5878,185,42.5878,35.9911,0.9254,2025-12-15 10:13:14.910556
8475831,Philipp Grubauer,479,32.3792,43,-10.6208,-5.1965,0.9254,2025-12-15 10:13:14.910556
8475831,Philipp Grubauer,2513,226.5248,199,27.5248,22.9572,0.9254,2025-12-15 10:13:14.910556
8475839,Louis Domingue,42,1.9516,1,0.9516,0.0737,0.9254,2025-12-15 10:13:14.910556
8475839,Louis Domingue,80,8.002,3,5.002,0.6899,0.9254,2025-12-15 10:13:14.910556
8475852,Petr Mrazek,838,56.3561,51,5.3561,3.3546,0.9254,2025-12-15 10:13:14.910556
8475852,,52,4.8833,6,-1.1167,-0.1052,0.9254,2025-12-15 10:13:14.910556
8475852,Petr Mrazek,3599,339.0719,297,42.0719,36.9399,0.9254,2025-12-15 10:13:14.910556
8475883,Frederik Andersen,227,16.1915,10,6.1915,1.9332,0.9254,2025-12-15 10:13:14.910556
8475883,,28,2.1252,6,-3.8748,-0.2055,0.9254,2025-12-15 10:13:14.910556
8475883,Frederik Andersen,2438,240.7992,200,40.7992,33.8559,0.9254,2025-12-15 10:13:14.910556
8476316,Laurent Brossoit,190,12.1546,17,-4.8454,-1.3342,0.9254,2025-12-15 10:13:14.910556
8476316,Laurent Brossoit,487,46.5613,29,17.5613,8.665,0.9254,2025-12-15 10:13:14.910556
8476341,Anton Forsberg,350,23.5337,29,-5.4663,-2.2508,0.9254,2025-12-15 10:13:14.910556
8476341,Anton Forsberg,1754,157.0895,138,19.0895,14.8549,0.9254,2025-12-15 10:13:14.910556
8476412,Jordan Binnington,1032,72.0079,74,-1.9921,-1.3419,0.9254,2025-12-15 10:13:14.910556
8476412,,13,0.8667,0,0.8667,0.022,0.9254,2025-12-15 10:13:14.910556
8476412,Jordan Binnington,5211,484.3559,371,113.3559,103.4315,0.9254,2025-12-15 10:13:14.910556
8476433,Magnus Hellberg,113,8.2337,6,2.2337,0.4118,0.9254,2025-12-15 10:13:14.910556
8476433,Magnus Hellberg,91,7.8105,5,2.8105,0.4328,0.9254,2025-12-15 10:13:14.910556
8476434,John Gibson,794,60.7904,57,3.7904,2.3258,0.9254,2025-12-15 10:13:14.910556
8476434,John Gibson,3343,321.6219,277,44.6219,38.8163,0.9254,2025-12-15 10:13:14.910556
8476876,Malcolm Subban,1,0.1082,0,0.1082,0.0002,0.9254,2025-12-15 10:13:14.910556
8476883,Andrei Vasilevskiy,144,10.0053,11,-0.9947,-0.2224,0.9254,2025-12-15 10:13:14.910556
8476883,Andrei Vasilevskiy,5463,490.787,381,109.787,100.5813,0.9254,2025-12-15 10:13:14.910556
8476899,Matt Murray,368,26.6111,22,4.6111,1.9549,0.9254,2025-12-15 10:13:14.910556
8476904,Chris Driedger,76,7.6561,5,2.6561,0.3505,0.9254,2025-12-15 10:13:14.910556
8476914,Joonas Korpisalo,628,40.9185,41,-0.0815,-0.0453,0.9254,2025-12-15 10:13:14.910556
8476914,,7,0.2699,0,0.2699,0.0037,0.9254,2025-12-15 10:13:14.910556
8476914,Joonas Korpisalo,2944,269.9584,242,27.9584,23.8994,0.9254,2025-12-15 10:13:14.910556
8476932,Anthony Stolarz,452,31.5745,26,5.5745,2.6467,0.9254,2025-12-15 10:13:14.910556
8476932,Anthony Stolarz,2947,277.781,203,74.781,63.9337,0.9254,2025-12-15 10:13:14.910556
8476945,Connor Hellebuyck,759,54.3167,39,15.3167,9.2338,0.9254,2025-12-15 10:13:14.910556
8476945,,17,0.6563,4,-3.3437,-0.1099,0.9254,2025-12-15 10:13:14.910556
8476945,Connor Hellebuyck,5416,495.0688,338,157.0688,143.7939,0.9254,2025-12-15 10:13:14.910556
8476999,Linus Ullmark,591,43.6633,28,15.6633,8.4849,0.9254,2025-12-15 10:13:14.910556
8476999,Linus Ullmark,4227,377.5904,317,60.5904,54.1814,0.9254,2025-12-15 10:13:14.910556
8477035,Matt Tomkins,155,10.743,12,-1.257,-0.2975,0.9254,2025-12-15 10:13:14.910556
8477035,Matt Tomkins,138,12.647,10,2.647,0.5726,0.9254,2025-12-15 10:13:14.910556
8477293,Antti Raanta,421,33.3273,31,2.3273,1.0638,0.9254,2025-12-15 10:13:14.910556
8477293,Antti Raanta,502,53.6299,62,-8.3701,-4.1934,0.9254,2025-12-15 10:13:14.910556
8477361,Cal Petersen,141,8.0771,12,-3.9229,-0.8629,0.9254,2025-12-15 10:13:14.910556
8477361,Cal Petersen,51,4.4552,7,-2.5448,-0.2355,0.9254,2025-12-15 10:13:14.910556
8477405,Marcus Hogberg,293,28.7425,26,2.7425,1.0133,0.9254,2025-12-15 10:13:14.910556
8477424,Juuse Saros,695,46.6658,44,2.6658,1.5504,0.9254,2025-12-15 10:13:14.910556
8477424,Juuse Saros,5506,488.4641,391,97.4641,89.3502,0.9254,2025-12-15 10:13:14.910556
8477465,Tristan Jarry,781,54.7657,46,8.7657,5.3442,0.9254,2025-12-15 10:13:14.910556
8477465,Tristan Jarry,3665,335.6015,298,37.6015,33.0875,0.9254,2025-12-15 10:13:14.910556
8477480,Eric Comrie,350,28.3767,33,-4.6233,-1.9037,0.9254,2025-12-15 10:13:14.910556
8477480,Eric Comrie,1741,145.8266,122,23.8266,18.5106,0.9254,2025-12-15 10:13:14.910556
8477484,Spencer Martin,283,20.7508,25,-4.2492,-1.5358,0.9254,2025-12-15 10:13:14.910556
8477484,Spencer Martin,696,68.8331,75,-6.1669,-3.5887,0.9254,2025-12-15 10:13:14.910556
8477831,Pheonix Copley,180,13.8063,20,-6.1937,-1.6395,0.9254,2025-12-15 10:13:14.910556
8477831,Pheonix Copley,167,18.0302,20,-1.9698,-0.4932,0.9254,2025-12-15 10:13:14.910556
8477967,Thatcher Demko,734,50.4721,50,0.4721,0.2808,0.9254,2025-12-15 10:13:14.910556
8477967,Thatcher Demko,2745,252.9445,185,67.9445,57.4754,0.9254,2025-12-15 10:13:14.910556
8477968,Alex Nedeljkovic,247,16.6834,16,0.6834,0.226,0.9254,2025-12-15 10:13:14.910556
8477968,,20,1.3776,0,1.3776,0.053,0.9254,2025-12-15 10:13:14.910556
8477968,Alex Nedeljkovic,2923,255.7138,241,14.7138,12.5645,0.9254,2025-12-15 10:13:14.910556
8477970,Vitek Vanecek,670,47.4156,52,-4.5844,-2.6253,0.9254,2025-12-15 10:13:14.910556
8477970,Vitek Vanecek,1711,154.7744,152,2.7744,2.147,0.9254,2025-12-15 10:13:14.910556
8477992,Jonas Johansson,701,47.7217,40,7.7217,4.507,0.9254,2025-12-15 10:13:14.910556
8477992,,15,0.6133,2,-1.3867,-0.0404,0.9254,2025-12-15 10:13:14.910556
8477992,Jonas Johansson,1999,185.1732,180,5.1732,4.1382,0.9254,2025-12-15 10:13:14.910556
8478007,Elvis Merzlikins,939,63.9058,60,3.9058,2.5487,0.9254,2025-12-15 10:13:14.910556
8478007,,15,1.7824,2,-0.2176,-0.0063,0.9254,2025-12-15 10:13:14.910556
8478007,Elvis Merzlikins,3708,344.6277,327,17.6277,15.5332,0.9254,2025-12-15 10:13:14.910556
8478009,Ilya Sorokin,1296,84.6362,79,5.6362,4.0671,0.9254,2025-12-15 10:13:14.910556
8478009,,5,1.0033,0,1.0033,0.0099,0.9254,2025-12-15 10:13:14.910556
8478009,Ilya Sorokin,5467,523.4813,407,116.4813,106.7209,0.9254,2025-12-15 10:13:14.910556
8478024,Ville Husso,826,59.1161,63,-3.8839,-2.4194,0.9254,2025-12-15 10:13:14.910556
8478024,Ville Husso,1638,144.5326,139,5.5326,4.2387,0.9254,2025-12-15 10:13:14.910556
8478039,Kaapo Kahkonen,603,43.5841,37,6.5841,3.5995,0.9254,2025-12-15 10:13:14.910556
8478039,Kaapo Kahkonen,1352,122.9983,125,-2.0017,-1.4613,0.9254,2025-12-15 10:13:14.910556
8478048,Igor Shesterkin,497,33.5631,26,7.5631,3.7702,0.9254,2025-12-15 10:13:14.910556
8478048,Igor Shesterkin,6064,580.1729,420,160.1729,147.972,0.9254,2025-12-15 10:13:14.910556
8478406,Mackenzie Blackwood,627,47.3018,47,0.3018,0.1679,0.9254,2025-12-15 10:13:14.910556
8478406,,2,0.053,0,0.053,0.0002,0.9254,2025-12-15 10:13:14.910556
8478406,Mackenzie Blackwood,4234,397.4742,310,87.4742,78.2353,0.9254,2025-12-15 10:13:14.910556
8478433,Felix Sandstrom,128,13.4119,17,-3.5881,-0.7313,0.9254,2025-12-15 10:13:14.910556
8478435,Dan Vladar,463,33.0207,43,-9.9793,-4.798,0.9254,2025-12-15 10:13:14.910556
8478435,Dan Vladar,2548,215.967,181,34.967,29.231,0.9254,2025-12-15 10:13:14.910556
8478470,Samuel Montembeault,306,21.337,22,-0.663,-0.2517,0.9254,2025-12-15 10:13:14.910556
8478470,Sam Montembeault,4397,417.632,337,80.632,72.3992,0.9254,2025-12-15 10:13:14.910556
8478492,Ilya Samsonov,202,14.8229,16,-1.1771,-0.3387,0.9254,2025-12-15 10:13:14.910556
8478492,Ilya Samsonov,2424,226.1389,192,34.1389,28.3012,0.9254,2025-12-15 10:13:14.910556
8478499,Adin Hill,748,46.8368,35,11.8368,7.0945,0.9254,2025-12-15 10:13:14.910556
8478499,,7,0.3972,2,-1.6028,-0.0221,0.9254,2025-12-15 10:13:14.910556
8478499,Adin Hill,3730,349.2992,276,73.2992,64.635,0.9254,2025-12-15 10:13:14.910556
8478848,Ales Stezka,53,4.9813,6,-1.0187,-0.0976,0.9254,2025-12-15 10:13:14.910556
8478872,Karel Vejmelka,406,28.3044,35,-6.6956,-3.0004,0.9254,2025-12-15 10:13:14.910556
8478872,Karel Vejmelka,3820,342.6639,298,44.6639,39.4944,0.9254,2025-12-15 10:13:14.910556
8478905,Ivan Fedotov,572,55.3522,55,0.3522,0.1879,0.9254,2025-12-15 10:13:14.910556
8478916,Joey Daccord,629,41.1921,47,-5.8079,-3.2358,0.9254,2025-12-15 10:13:14.910556
8478916,,2,0.2535,0,0.2535,0.001,0.9254,2025-12-15 10:13:14.910556
8478916,Joey Daccord,4280,384.122,297,87.122,78.0089,0.9254,2025-12-15 10:13:14.910556
8478965,Kenneth Appleby,15,2.3325,4,-1.6675,-0.0486,0.9254,2025-12-15 10:13:14.910556
8478971,Connor Ingram,736,51.0413,38,13.0413,7.7657,0.9254,2025-12-15 10:13:14.910556
8478971,,15,0.6229,0,0.6229,0.0181,0.9254,2025-12-15 10:13:14.910556
8478971,Connor Ingram,2414,229.9312,193,36.9312,30.5944,0.9254,2025-12-15 10:13:14.910556
8479193,Casey DeSmith,181,12.051,14,-1.949,-0.518,0.9254,2025-12-15 10:13:14.910556
8479193,Casey DeSmith,2852,259.559,214,45.559,38.7632,0.9254,2025-12-15 10:13:14.910556
8479292,Charlie Lindgren,423,29.1541,14,15.1541,6.945,0.9254,2025-12-15 10:13:14.910556
8479292,Charlie Lindgren,3566,326.1785,259,67.1785,58.9175,0.9254,2025-12-15 10:13:14.910556
8479312,Alex Lyon,265,18.4329,17,1.4329,0.4963,0.9254,2025-12-15 10:13:14.910556
8479312,Alex Lyon,2502,221.4314,190,31.4314,26.1964,0.9254,2025-12-15 10:13:14.910556
8479361,Joseph Woll,883,64.0085,60,4.0085,2.5593,0.9254,2025-12-15 10:13:14.910556
8479361,,10,1.943,0,1.943,0.0381,0.9254,2025-12-15 10:13:14.910556
8479361,Joseph Woll,3478,303.2328,240,63.2328,55.285,0.9254,2025-12-15 10:13:14.910556
8479394,Carter Hart,664,42.9698,40,2.9698,1.6941,0.9254,2025-12-15 10:13:14.910556
8479394,Carter Hart,684,56.7002,58,-1.2998,-0.7509,0.9254,2025-12-15 10:13:14.910556
8479406,Filip Gustavsson,737,44.5356,58,-13.4644,-8.022,0.9254,2025-12-15 10:13:14.910556
8479406,Filip Gustavsson,4238,364.2481,319,45.2481,40.4731,0.9254,2025-12-15 10:13:14.910556
8479496,,19,1.4083,5,-3.5917,-0.1315,0.9254,2025-12-15 10:13:14.910556
8479496,David Rittich,2528,235.4484,204,31.4484,26.2554,0.9254,2025-12-15 10:13:14.910556
8479973,Stuart Skinner,841,58.5659,56,2.5659,1.6092,0.9254,2025-12-15 10:13:14.910556
8479973,Stuart Skinner,6120,558.5091,464,94.5091,87.3709,0.9254,2025-12-15 10:13:14.910556
8479979,Jake Oettinger,1095,72.8787,68,4.8787,3.3493,0.9254,2025-12-15 10:13:14.910556
8479979,Jake Oettinger,5399,477.933,397,80.933,74.0731,0.9254,2025-12-15 10:13:14.910556
8480045,Ukko-Pekka Luukkonen,448,33.4429,38,-4.5571,-2.1536,0.9254,2025-12-15 10:13:14.910556
8480045,Ukko-Pekka Luukkonen,4145,376.5314,339,37.5314,33.4914,0.9254,2025-12-15 10:13:14.910556
8480051,Cayden Primeau,478,35.0539,33,2.0539,1.0038,0.9254,2025-12-15 10:13:14.910556
8480051,Cayden Primeau,1244,116.0443,123,-6.9557,-4.9615,0.9254,2025-12-15 10:13:14.910556
8480191,Matt Villalta,37,3.7461,5,-1.2539,-0.0864,0.9254,2025-12-15 10:13:14.910556
8480193,Daniil Tarasov,2045,185.6427,167,18.6427,14.9801,0.9254,2025-12-15 10:13:14.910556
8480238,Jiri Patera,304,27.7166,32,-4.2834,-1.6196,0.9254,2025-12-15 10:13:14.910556
8480280,Jeremy Swayman,495,33.6314,18,15.6314,7.7764,0.9254,2025-12-15 10:13:14.910556
8480280,Jeremy Swayman,6000,550.1983,411,139.1983,128.4907,0.9254,2025-12-15 10:13:14.910556
8480313,Logan Thompson,584,38.7491,33,5.7491,3.0973,0.9254,2025-12-15 10:13:14.910556
8480313,Logan Thompson,4803,434.5125,300,134.5125,121.8298,0.9254,2025-12-15 10:13:14.910556
8480382,Alexandar Georgiev,851,60.9202,73,-12.0798,-7.6091,0.9254,2025-12-15 10:13:14.910556
8480382,Alexandar Georgiev,3888,391.6599,350,41.6599,36.9129,0.9254,2025-12-15 10:13:14.910556
8480819,Jakub Skarek,6,0.6575,3,-2.3425,-0.0278,0.9254,2025-12-15 10:13:14.910556
8480843,Lukas Dostal,603,41.3338,50,-8.6662,-4.7377,0.9254,2025-12-15 10:13:14.910556
8480843,Lukas Dostal,4393,395.0587,333,62.0587,55.7171,0.9254,2025-12-15 10:13:14.910556
8480885,Olivier Rodrigue,32,3.0924,2,1.0924,0.0657,0.9254,2025-12-15 10:13:14.910556
8480947,Kevin Lankinen,258,21.5596,21,0.5596,0.1905,0.9254,2025-12-15 10:13:14.910556
8480947,Kevin Lankinen,3092,293.7295,248,45.7295,39.3641,0.9254,2025-12-15 10:13:14.910556
8480981,Joel Hofer,405,26.5589,17,9.5589,4.2777,0.9254,2025-12-15 10:13:14.910556
8480981,Joel Hofer,2194,196.2518,165,31.2518,25.4515,0.9254,2025-12-15 10:13:14.910556
8480992,Magnus Chrona,46,5.0637,8,-2.9363,-0.2474,0.9254,2025-12-15 10:13:14.910556
8480992,Magnus Chrona,407,40.3659,42,-1.6341,-0.7333,0.9254,2025-12-15 10:13:14.910556
8481020,Justus Annunen,45,3.2836,2,1.2836,0.106,0.9254,2025-12-15 10:13:14.910556
8481020,Justus Annunen,1914,182.1775,174,8.1775,6.4838,0.9254,2025-12-15 10:13:14.910556
8481031,Ivan Prosvetov,364,24.1254,24,0.1254,0.0528,0.9254,2025-12-15 10:13:14.910556
8481031,Ivan Prosvetov,125,13.0613,12,1.0613,0.2123,0.9254,2025-12-15 10:13:14.910556
8481033,Akira Schmid,251,17.8444,23,-5.1556,-1.7231,0.9254,2025-12-15 10:13:14.910556
8481033,Akira Schmid,1172,91.7232,69,22.7232,15.928,0.9254,2025-12-15 10:13:14.910556
8481035,Samuel Ersson,369,23.3981,14,9.3981,3.9907,0.9254,2025-12-15 10:13:14.910556
8481035,Samuel Ersson,3696,348.9982,306,42.9982,37.8744,0.9254,2025-12-15 10:13:14.910556
8481519,Spencer Knight,2210,191.411,138,53.411,43.5566,0.9254,2025-12-15 10:13:14.910556
8481529,Trent Miner,110,7.72,10,-2.28,-0.4112,0.9254,2025-12-15 10:13:14.910556
8481544,Mads Sogaard,51,3.1476,6,-2.8524,-0.264,0.9254,2025-12-15 10:13:14.910556
8481544,Mads Sogaard,211,20.7981,22,-1.2019,-0.3567,0.9254,2025-12-15 10:13:14.910556
8481551,,485,34.6034,40,-5.3966,-2.6572,0.9254,2025-12-15 10:13:14.910556
8481611,Pyotr Kochetkov,445,26.8753,45,-18.1247,-8.5349,0.9254,2025-12-15 10:13:14.910556
8481611,Pyotr Kochetkov,2951,286.4375,236,50.4375,43.1299,0.9254,2025-12-15 10:13:14.910556
8481668,Arturs Silovs,1521,126.222,123,3.222,2.4248,0.9254,2025-12-15 10:13:14.910556
8481692,Dustin Wolf,102,7.2648,8,-0.7352,-0.1246,0.9254,2025-12-15 10:13:14.910556
8481692,Dustin Wolf,3449,286.8025,258,28.8025,25.1556,0.9254,2025-12-15 10:13:14.910556
8481707,Erik Portillo,42,4.2512,1,3.2512,0.2519,0.9254,2025-12-15 10:13:14.910556
8482076,Nico Daws,1012,103.4083,62,41.4083,27.7151,0.9254,2025-12-15 10:13:14.910556
8482123,Drew Commesso,39,3.8916,4,-0.1084,-0.0078,0.9254,2025-12-15 10:13:14.910556
8482137,,16,1.4004,1,0.4004,0.0124,0.9254,2025-12-15 10:13:14.910556
8482137,Yaroslav Askarov,1135,99.873,69,30.873,21.4317,0.9254,2025-12-15 10:13:14.910556
8482221,Devon Levi,550,43.0446,48,-4.9554,-2.5957,0.9254,2025-12-15 10:13:14.910556
8482221,Devon Levi,1102,110.4322,102,8.4322,5.8004,0.9254,2025-12-15 10:13:14.910556
8482411,Hunter Shepard,52,4.4485,8,-3.5515,-0.3346,0.9254,2025-12-15 10:13:14.910556
8482411,Hunter Shepard,198,19.8696,12,7.8696,2.2323,0.9254,2025-12-15 10:13:14.910556
8482445,Devin Cooley,535,41.5079,38,3.5079,1.8133,0.9254,2025-12-15 10:13:14.910556
8482446,Joel Blomqvist,417,37.5376,29,8.5376,3.8824,0.9254,2025-12-15 10:13:14.910556
8482447,Leevi Merilainen,574,51.6368,45,6.6368,3.547,0.9254,2025-12-15 10:13:14.910556
8482487,Jakub Dobes,1347,103.338,87,16.338,11.9151,0.9254,2025-12-15 10:13:14.910556
8482657,Sebastian Cossa,40,4.6677,4,0.6677,0.0495,0.9254,2025-12-15 10:13:14.910556
8482661,Jesper Wallstedt,883,59.8742,57,2.8742,1.8351,0.9254,2025-12-15 10:13:14.910556
8482668,Tristan Lennox,1,0.0332,1,-0.9668,-0.0019,0.9254,2025-12-15 10:13:14.910556
8482761,,248,18.7314,22,-3.2686,-1.0837,0.9254,2025-12-15 10:13:14.910556
8482783,Aleksei Kolosov,565,49.7742,44,5.7742,3.0633,0.9254,2025-12-15 10:13:14.910556
8482821,Arvid Soderblom,467,36.6381,41,-4.3619,-2.1065,0.9254,2025-12-15 10:13:14.910556
8482821,Arvid Soderblom,2308,210.5276,204,6.5276,5.3653,0.9254,2025-12-15 10:13:14.910556
8482982,Jet Greaves,1503,124.3402,87,37.3402,28.0192,0.9254,2025-12-15 10:13:14.910556
8483114,,100,6.1688,8,-1.8312,-0.3052,0.9254,2025-12-15 10:13:14.910556
8483530,Jaxson Stauber,358,35.4525,25,10.4525,4.3613,0.9254,2025-12-15 10:13:14.910556
8483532,Clay Stevenson,41,4.0559,5,-0.9441,-0.0715,0.9254,2025-12-15 10:13:14.910556
8483548,,436,33.2542,23,10.2542,4.7765,0.9254,2025-12-15 10:13:14.910556
8483703,,118,8.1997,5,3.1997,0.6109,0.9254,2025-12-15 10:13:14.910556
8483710,Dennis Hildeby,626,48.3531,34,14.3531,7.9796,0.9254,2025-12-15 10:13:14.910556
8483746,,19,1.0731,3,-1.9269,-0.0705,0.9254,2025-12-15 10:13:14.910556
8484268,Nikita Tolopilo,416,32.0652,24,8.0652,3.6628,0.9254,2025-12-15 10:13:14.910556
8484293,Yaniv Perets,11,1.1642,1,0.1642,0.0035,0.9254,2025-12-15 10:13:14.910556
8484312,Georgi Romanov,232,23.051,20,3.051,0.967,0.9254,2025-12-15 10:13:14.910556
