player_id,situation,on_ice_xgf,on_ice_xga,shots_for_count,shots_against_count
8470594,5v5,0.27671346813440323,0.5848731207661331,3,11
8470594,PK,0.24505077861249447,0.11840511858463287,5,2
8470613,5v5,2.07313189742749,1.2445133640116819,28,18
8470613,PK,0.12466656617763283,0.0,3,0
8471215,5v5,0.15647018750425373,0.31159401205562015,3,4
8471215,PK,0.0,0.13499907779781897,0,2
8471675,5v5,1.1997538760986592,1.1472095599105918,12,15
8471675,PK,0.0,0.18579158951203942,0,3
8471677,5v5,0.25969422422349453,0.0,2,0
8471685,5v5,0.807355429057239,0.5018424238421118,16,10
8471685,PK,0.20309896671019015,0.38964697814744675,4,4
8471685,PP,0.0,0.0012379360850900412,0,1
8471724,5v5,1.9094631516241676,1.4003691908335858,19,22
8471724,PK,0.0,0.13499907779781897,0,2
8473419,5v5,1.7998067963776956,0.5434159900763714,20,8
8473419,PK,0.44626828022755954,0.22537613145369959,6,3
8473419,PP,0.2362634549541704,0.0,2,0
8473422,5v5,0.7076055258416172,0.5501587072964879,4,8
8473422,PK,0.0,0.29862377898349934,0,3
8473453,5v5,0.12368381768465042,0.0,1,0
8473453,PP,0.0,0.0012379360850900412,0,1
8473507,5v5,0.1748268665945721,0.1613388173185821,5,1
8473507,PK,0.29862377898349934,0.0,3,0
8473533,5v5,0.7020163740962744,0.6213217279873788,7,6
8474013,5v5,0.0452754981815815,0.03514113277196884,1,1
8474037,5v5,0.27836042642593384,0.5931846890598536,1,4
8474037,PK,0.31534984707832336,0.0,2,0
8474037,PP,0.0,0.12336621433496475,0,1
8474151,5v5,0.18300771713256836,0.0,1,0
8474166,5v5,0.007278704550117254,0.2048683688044548,1,2
8474563,5v5,0.76803246368678,0.2243843126333417,16,4
8474563,PK,0.37990022523766603,0.24335712659069428,6,4
8474565,5v5,0.18384666182100773,0.0,4,0
8474565,PK,0.1622491329908371,0.0,1,0
8474567,5v5,0.09229186922311783,0.3440833054482937,2,6
8474567,PK,0.19436390325427055,0.0,3,0
8474578,5v5,1.2133389006615973,0.9828259622832326,15,18
8474578,PK,0.0,0.13499907779781897,0,2
8474673,5v5,0.06583196436986327,0.45449000410735607,2,6
8474673,PK,0.04898812994360924,0.0,1,0
8475151,5v5,0.17284627258777618,0.25969422422349453,1,2
8475167,5v5,0.46860266476869583,0.26673742569983006,5,7
8475170,5v5,0.26412775786593556,0.117714773863554,3,3
8475170,PK,0.0174864511936903,0.1622491329908371,1,1
8475177,5v5,0.4403300993144512,0.08116264641284943,7,1
8475179,5v5,0.263314862494842,0.0570368729531765,4,2
8475179,PK,0.0,0.20584611993295412,0,2
8475179,PP,0.014414505164169481,0.0,1,0
8475188,5v5,0.07943755760788918,0.26412775786593556,2,3
8475188,PK,0.1622491329908371,0.0174864511936903,1,1
8475200,5v5,0.6141971498727798,0.7975637330673635,8,8
8475208,5v5,0.8216154229230825,0.9241200593142184,13,16
8475208,PK,0.35882108012269864,0.12466656617763283,5,3
8475220,5v5,0.565343227237463,0.45189908519387245,6,8
8475231,5v5,0.5931846890598536,0.0,4,0
8475231,PK,0.0,0.31534984707832336,0,2
8475231,PP,0.12336621433496475,0.0,1,0
8475311,5v5,1.2255297416731294,1.3255432108282676,17,23
8475311,PK,0.20309896671019015,0.4323837832960205,4,6
8475314,5v5,0.9112268406897783,0.25969422422349453,7,2
8475314,PK,0.0,0.31534984707832336,0,2
8475314,PP,0.12336621433496475,0.0,1,0
8475683,5v5,1.2185531200228819,1.3059900943482323,17,27
8475683,PK,0.41575297266699646,0.22537613145369959,5,3
8475683,PP,0.2362634549541704,0.0,2,0
8475690,5v5,0.08359428588300943,0.0,2,0
8475692,5v5,0.037964411079883575,0.09624679386615753,1,1
8475692,PK,0.19436390325427055,0.0,3,0
8475745,5v5,0.41872309148311615,0.0,3,0
8475745,PK,0.0,0.5011939667165279,0,3
8475750,5v5,0.26932064443826675,0.011568985879421234,2,1
8475753,5v5,0.0019089248962700367,0.21420381404459476,1,3
8475753,PK,0.0174864511936903,0.0,1,0
8475754,5v5,1.1553301698781853,0.52710341176469,15,9
8475754,PK,0.12466656617763283,0.5694382278609016,3,5
8475754,PP,0.12336621433496475,0.0,1,0
8475760,5v5,0.07361486554145813,0.41607544012367725,2,6
8475760,PK,0.0033138105645775795,0.0,1,0
8475763,5v5,0.43152734637260437,0.1873467182740569,4,3
8475764,5v5,0.38344041258096695,0.6402489971369505,3,5
8475768,5v5,0.14623968908563256,0.09437188506126404,4,1
8475768,PK,0.07517112046480179,0.0,1,0
8475791,5v5,0.10176056995987892,0.03713523969054222,2,3
8475791,PK,0.04898812994360924,0.0,1,0
8475798,5v5,0.2234720573760569,0.43610056675970554,3,4
8475798,PK,0.5011939667165279,0.0,3,0
8475799,5v5,0.38398746724124067,0.008532080799341202,6,1
8475799,PK,0.0,0.0033138105645775795,0,1
8475809,5v5,0.3267623907816805,1.9828183548822325,5,34
8475809,PK,0.4109701724751638,0.45718734749276835,5,7
8475810,5v5,0.046005854383111,0.0,2,0
8475810,PP,0.0012379360850900412,0.0,1,0
8475842,5v5,0.7153894024513497,0.885242072920811,14,9
8475842,PK,0.13499907779781897,0.0,2,0
8475852,5v5,0.7478695525787771,2.0498193744570017,8,23
8475852,PK,0.04898812994360924,0.0,1,0
8475883,5v5,0.8780171014368534,0.9081552638672292,9,10
8475883,PK,0.0,0.04898812994360924,0,1
8475913,5v5,0.760273989289999,0.38344041258096695,6,3
8476312,5v5,0.514080557506631,1.0640865664196373,11,14
8476312,PK,0.4916622923715757,0.20309896671019015,6,4
8476331,5v5,0.3836932722479105,0.008532080799341202,5,1
8476374,5v5,0.7214120682328939,0.0,4,0
8476389,5v5,0.4158318316860129,1.5175794665981535,8,19
8476392,5v5,0.38836774602532387,0.07361486554145813,6,2
8476412,5v5,0.6475681704469025,1.6673173382878304,6,21
8476412,PK,0.0174864511936903,0.1622491329908371,1,1
8476419,5v5,0.1451958790421486,0.25969422422349453,2,2
8476419,PK,0.0003524911589920521,0.0,1,0
8476429,5v5,0.17284627258777618,0.25969422422349453,1,2
8476429,PK,0.0003524911589920521,0.0,1,0
8476438,5v5,0.3028845493681729,0.1951395832002163,5,4
8476438,PK,0.0174864511936903,0.1622491329908371,1,1
8476441,5v5,0.7025211314585568,0.8108361600766698,15,14
8476441,PK,0.25408838078257817,0.2220339322629772,3,3
8476441,PP,0.0,0.0012379360850900412,0,1
8476442,5v5,0.13777768798172474,0.27769707748666406,3,2
8476448,5v5,0.5996801797300577,0.02590452367439866,6,2
8476448,PK,0.1622491329908371,0.0174864511936903,1,1
8476453,5v5,0.5571578070521355,0.22409914806485176,5,5
8476453,PK,1.096525378525257,0.0,4,0
8476455,5v5,0.35790971313796116,0.10110851462012718,7,6
8476455,PK,0.10334337184991574,0.0,2,0
8476457,5v5,0.4539335332810879,0.03200753778219223,5,1
8476459,5v5,1.3860052351475338,0.5134911956265569,16,4
8476459,PK,0.13499907779781897,0.0,2,0
8476460,5v5,0.35359854251146317,0.008532080799341202,4,1
8476460,PK,0.0,0.0033138105645775795,0,1
8476467,5v5,0.06990684568881989,0.09437188506126404,1,1
8476468,5v5,0.9700649903945753,0.8537434979895114,15,11
8476468,PK,0.13499907779781897,0.0,2,0
8476469,5v5,1.0651164217495128,0.9048611308251694,16,14
8476469,PK,0.1854576179458898,0.29227961206210235,3,4
8476473,5v5,0.8472142586288754,1.2108697244467508,16,14
8476473,PK,0.22537613145369959,0.29862377898349934,3,3
8476473,PP,0.0,0.2362634549541704,0,2
8476479,5v5,0.1750804979360448,0.16619788124683949,3,2
8476479,PK,0.25408838078257817,0.2709564177343853,3,3
8476480,5v5,0.43765351685578935,0.0538075789809227,8,2
8476480,PK,0.0,0.0033138105645775795,0,1
8476483,5v5,0.8456408178830996,0.5440445588214505,11,9
8476483,PK,0.0,0.13499907779781897,0,2
8476525,5v5,0.08171849089558236,0.08129523321986198,3,3
8476525,PK,0.0,0.0033138105645775795,0,1
8476624,5v5,0.17542706103995442,0.017377475276589394,4,1
8476822,5v5,0.2727469801902771,0.11183556914329529,2,2
8476853,5v5,0.11183556914329529,0.08973926305770874,2,1
8476871,5v5,0.19541751220822334,0.0,2,0
8476874,5v5,0.027487654238939285,0.057255278778029606,1,3
8476874,PK,0.0033138105645775795,0.0,1,0
8476878,5v5,0.3346143364906311,0.07396122068166733,3,3
8476879,5v5,0.07208647800029987,0.9235122381788728,4,9
8476879,PK,0.0,0.3211690226191545,0,6
8476881,5v5,0.245643962174654,0.023995598778128624,6,1
8476881,PK,0.1622491329908371,0.0,1,0
8476882,5v5,0.6951319839575969,0.3695427729790596,10,6
8476882,PK,0.0685181414643547,0.0,2,0
8476882,PP,0.0,0.22184894979000092,0,1
8476889,5v5,0.0019089248962700367,0.09185012802481651,1,3
8476891,5v5,0.2609063032873978,0.3062159627952843,8,2
8476891,PK,0.01953001152074546,0.0,1,0
8476891,PP,0.0,0.22184894979000092,0,1
8476892,5v5,0.38344041258096695,0.6611130870878696,3,7
8476897,5v5,0.0940667581744492,0.24730662256479263,2,4
8476897,PK,0.0174864511936903,0.0,1,0
8476905,5v5,0.08486615866422653,0.03549794293940067,2,2
8476906,5v5,0.6785795651376247,0.6048199683427811,5,4
8476913,5v5,0.0,0.09624679386615753,0,1
8476914,5v5,0.6844122391194105,0.7388604041188955,7,15
8476914,PK,0.19650245644152164,0.5011939667165279,3,3
8476917,5v5,0.7383805681020021,0.25969422422349453,6,2
8476917,PK,0.0,0.31534984707832336,0,2
8476917,PP,0.12336621433496475,0.0,1,0
8476921,5v5,0.4696680698543787,0.5781144178472459,5,5
8476923,5v5,0.0,0.7099928073585033,0,5
8476923,PK,0.31534984707832336,0.0,2,0
8476923,PP,0.0,0.12336621433496475,0,1
8476931,5v5,0.2030109278857708,0.3646293133497238,4,3
8476945,5v5,0.057255278778029606,0.20048275031149387,3,7
8476945,PK,0.0,0.0033138105645775795,0,1
8476958,5v5,0.3817395120859146,0.5535454130731523,7,4
8477021,5v5,0.0,0.33741010911762714,0,4
8477070,5v5,0.07233923673629761,0.438189586129738,3,8
8477070,PK,0.0033138105645775795,0.0,1,0
8477335,5v5,0.024469036608934402,0.09177183359861374,1,1
8477365,5v5,0.09930041804909706,0.0,3,0
8477369,5v5,0.7694726730041486,0.510780535699572,12,8
8477369,PK,0.13499907779781897,0.0,2,0
8477401,5v5,0.007190200034528971,0.19822991639375687,1,4
8477402,5v5,0.014761192724108696,0.19541751220822334,1,2
8477404,5v5,0.223380908370018,0.1604211013764143,2,4
8477404,PK,1.096525378525257,0.0,4,0
8477407,5v5,0.2142459712922573,0.25969422422349453,2,2
8477409,5v5,1.9173203898859406,0.7580095765773445,22,16
8477409,PK,0.06243099443374706,0.22537613145369959,1,3
8477409,PP,0.2362634549541704,0.0,2,0
8477416,5v5,0.1390494890511036,0.09437188506126404,3,1
8477426,5v5,0.20626024156808853,0.18560682609677315,3,4
8477426,PK,0.9771968275308609,0.0,3,0
8477444,5v5,0.695525580920662,0.9989875257050898,14,13
8477444,PK,0.20584611993295412,0.0,2,0
8477444,PP,0.0,0.014414505164169481,0,1
8477447,5v5,0.028404299169778824,0.0,1,0
8477450,5v5,0.39197798666322736,0.7028407488074461,7,8
8477450,PK,0.20584611993295412,0.0,2,0
8477450,PP,0.0,0.014414505164169481,0,1
8477451,5v5,0.11298717185854912,0.3440833054482937,2,6
8477476,5v5,0.41223711127830476,0.6365632087735765,7,8
8477476,PK,0.2709564177343853,0.20309896671019015,3,4
8477479,5v5,0.8527604529805133,1.388491991129476,15,15
8477479,PK,0.22537613145369959,0.0,3,0
8477479,PP,0.0,0.22184894979000092,0,1
8477492,5v5,0.8270498483615245,0.6230625576615136,14,6
8477492,PK,0.38964697814744675,0.18939129449427128,4,2
8477494,5v5,0.18422596482560039,0.08116264641284943,5,1
8477495,5v5,0.9200403879744855,0.5384325839251942,9,10
8477495,PK,0.11712919368349711,0.0,2,0
8477496,5v5,0.5835213288664818,0.09947295114398003,4,2
8477496,PK,0.19650245644152164,0.5011939667165279,3,3
8477500,5v5,0.9112268406897783,0.5380546506494284,7,3
8477500,PK,0.0003524911589920521,0.31534984707832336,1,2
8477500,PP,0.12336621433496475,0.0,1,0
8477501,5v5,0.6378026999266627,0.39734702225145263,12,9
8477501,PK,0.2220339322629772,0.0,3,0
8477503,5v5,0.16451860591769218,0.2727469801902771,3,2
8477504,5v5,0.38398746724124067,0.0,6,0
8477504,PK,0.0,0.0033138105645775795,0,1
8477505,5v5,0.24648944474756718,0.4000967275351286,5,5
8477506,5v5,0.6288087461143732,0.4430516418069601,5,3
8477506,PK,0.0003524911589920521,0.31534984707832336,1,2
8477506,PP,0.12336621433496475,0.0,1,0
8477507,5v5,0.8088821526616812,0.05829301290214062,7,2
8477507,PK,0.0,0.5011939667165279,0,3
8477511,5v5,0.9321651577390553,1.0304982632744522,10,13
8477511,PK,0.0,0.13499907779781897,0,2
8477839,5v5,0.6417823670236068,0.5039123371243477,11,3
8477839,PK,0.13499907779781897,0.0,2,0
8477851,5v5,0.41872309148311615,0.0,3,0
8477919,5v5,0.4863859936594963,0.011568985879421234,3,1
8477919,PK,0.20947800017893314,0.0,3,0
8477932,5v5,1.2119911737053617,0.7534147225851547,19,14
8477932,PK,0.24575059659911688,0.01953001152074546,3,1
8477932,PP,0.22184894979000092,0.0,1,0
8477933,5v5,0.6208826068647819,0.31445850645406104,8,5
8477933,PK,0.34388819718765273,0.0,3,0
8477935,5v5,1.2507916863163786,0.6882643246403062,17,12
8477935,PK,0.29862377898349934,0.22537613145369959,3,3
8477935,PP,0.2362634549541704,0.0,2,0
8477939,5v5,0.05370166338980198,0.0,2,0
8477942,5v5,1.3594586690489914,0.711031466249863,21,9
8477942,PK,0.5118501709321797,0.16761304588446954,7,1
8477942,PP,0.0,0.0012379360850900412,0,1
8477949,5v5,0.4193034563213587,0.5059527195990086,8,5
8477949,PK,0.08851547166705132,0.07517112046480179,2,1
8477951,5v5,0.1009674072265625,0.022114146006060764,3,2
8477951,PK,0.0033138105645775795,0.0,1,0
8477955,5v5,0.014959312975406647,0.03549794293940067,1,2
8477956,5v5,1.35472690500319,0.15776596404612064,11,4
8477956,PK,0.19650245644152164,0.5011939667165279,3,3
8477960,5v5,1.3579089969967486,1.0106160881891095,24,15
8477960,PK,0.16901007294654846,0.4109701724751638,1,5
8477960,PP,0.0,0.0012379360850900412,0,1
8477968,5v5,0.16277877241373062,0.7094128071330488,4,11
8477968,PK,0.0,0.16901007294654846,0,1
8477968,PP,0.0012379360850900412,0.0,1,0
8477969,5v5,0.5093804877251387,0.4013808951713145,6,3
8477979,5v5,0.09437188506126404,0.07709704572334886,1,2
8477986,5v5,0.5051885172724724,0.28714437782764435,6,3
8477986,PK,0.07517112046480179,0.08851547166705132,1,2
8477987,5v5,0.9537845349818882,1.5302855639622261,16,20
8477987,PK,0.22537613145369959,0.29862377898349934,3,3
8477987,PP,0.0,0.2362634549541704,0,2
8477992,5v5,0.2576291114091873,0.4644890418276191,2,13
8477998,5v5,0.6275451211566576,0.2243843126333417,9,4
8477998,PK,0.0,0.2220339322629772,0,3
8478007,5v5,0.25969422422349453,0.9843263123184443,2,10
8478007,PK,0.31534984707832336,0.0003524911589920521,2,1
8478007,PP,0.0,0.12336621433496475,0,1
8478009,5v5,0.2605841998010874,0.7214120682328939,3,4
8478009,PK,0.0003524911589920521,0.31534984707832336,1,2
8478009,PP,0.12336621433496475,0.0,1,0
8478010,5v5,0.24487507343292236,0.153471939265728,2,4
8478010,PK,0.11932855099439621,0.0,1,0
8478013,5v5,0.39792571449652314,0.667483339086175,8,5
8478013,PK,0.47653934359550476,0.19650245644152164,2,3
8478038,5v5,0.3824218961140399,0.522588314518622,9,9
8478038,PK,0.10201531422412898,0.0,2,0
8478043,5v5,0.6567449110899085,1.2369075135710268,12,19
8478043,PK,0.01953001152074546,0.29862377898349934,1,3
8478043,PP,0.0,0.22184894979000092,0,1
8478047,5v5,0.3583542350679636,0.4258499317802489,4,4
8478047,PP,0.0012379360850900412,0.0,1,0
8478048,5v5,0.9697724686517243,2.800679570937043,15,38
8478048,PK,0.18579158951203942,0.0,3,0
8478055,5v5,1.8619270240894754,0.8467963007377731,23,20
8478055,PK,0.29862377898349934,0.22537613145369959,3,3
8478055,PP,0.22184894979000092,0.0,1,0
8478109,5v5,1.0289274627310951,0.46616054478807245,17,7
8478109,PK,0.10334337184991574,0.0,2,0
8478115,5v5,0.17284627258777618,0.25969422422349453,1,2
8478136,5v5,0.26932064443826675,0.011568985879421234,2,1
8478178,5v5,0.6095043867826462,0.2384798265993595,5,6
8478178,PK,0.9771968275308609,0.0,3,0
8478396,5v5,0.06459430418908596,0.0019089248962700367,3,1
8478398,5v5,0.08733817376196384,0.0,3,0
8478401,5v5,1.4640857856720686,0.18185536796227098,11,6
8478401,PK,0.19650245644152164,0.0,3,0
8478403,5v5,0.8708081152290106,0.6475681704469025,11,6
8478403,PK,0.1622491329908371,0.0174864511936903,1,1
8478406,5v5,0.3556522913277149,0.8902326114475727,7,10
8478406,PK,0.0,0.24505077861249447,0,5
8478407,5v5,0.36401326581835747,0.07414910197257996,4,2
8478420,5v5,0.46053514815866947,0.28044986724853516,7,3
8478420,PK,0.11840511858463287,0.24505077861249447,2,5
8478421,5v5,0.9980745575430228,0.6250360015245879,14,8
8478421,PK,0.29862377898349934,0.20584611993295412,3,2
8478421,PP,0.014414505164169481,0.0,1,0
8478427,5v5,0.8671183567494154,0.5781144178472459,10,5
8478434,5v5,0.19541751220822334,0.0,2,0
8478438,5v5,0.3256054886203947,0.5435515909209172,4,9
8478438,PK,0.0,0.13499907779781897,0,2
8478443,5v5,0.6383311916142702,0.27490001218393445,6,6
8478445,5v5,0.29285657964646816,0.23394185304641724,2,1
8478445,PK,0.0003524911589920521,0.0,1,0
8478450,5v5,1.1522697749984876,1.1712885923900462,16,21
8478450,PK,0.0,0.13499907779781897,0,2
8478452,5v5,0.8724910692083924,0.38507088835880604,11,7
8478458,5v5,1.1973612960428,0.6981211989186704,12,6
8478458,PK,0.0,0.04898812994360924,0,1
8478460,5v5,0.23394185304641724,0.2605841998010874,1,3
8478460,PK,0.22622010111808777,0.0,1,0
8478460,PP,0.0,0.12336621433496475,0,1
8478462,5v5,0.05103325843811035,0.0,1,0
8478463,5v5,0.34442922845482826,0.0,3,0
8478472,5v5,0.023995598778128624,0.333748497068882,1,4
8478472,PK,0.0,0.1622491329908371,0,1
8478474,5v5,0.0638071559369564,0.3836932722479105,2,5
8478474,PK,0.0033138105645775795,0.0,1,0
8478483,5v5,0.13541879504919052,0.3346143364906311,5,3
8478493,5v5,0.08116264641284943,0.0,1,0
8478493,PK,0.050686875358223915,0.0,2,0
8478499,5v5,0.796077186241746,0.778482795227319,10,9
8478499,PK,0.1622491329908371,0.0174864511936903,1,1
8478500,5v5,0.7214120682328939,0.5054467618465424,4,2
8478500,PK,0.31534984707832336,0.0,2,0
8478500,PP,0.0,0.12336621433496475,0,1
8478507,5v5,0.0,0.03514113277196884,0,1
8478508,5v5,0.0,0.09624679386615753,0,1
8478508,PK,0.19436390325427055,0.0,3,0
8478519,5v5,0.3346143364906311,0.0936275590211153,3,3
8478519,PK,0.5195480585098267,0.0,1,0
8478542,5v5,0.6864168074638197,0.1608450295932867,13,6
8478542,PK,0.29862377898349934,0.0,3,0
8478550,5v5,0.5693677346922746,1.269643597798467,10,17
8478550,PK,0.13499907779781897,0.0,2,0
8478569,5v5,1.431624204201795,0.8776054034691175,19,18
8478569,PK,0.0,0.13499907779781897,0,2
8478569,PP,0.0012379360850900412,0.0,1,0
8478831,5v5,0.017368396744132042,0.0,1,0
8478840,5v5,1.2821712572028343,1.2451086969135179,19,15
8478840,PK,0.13499907779781897,0.0,2,0
8478854,5v5,2.051198589729164,1.3694954590381156,27,22
8478854,PK,0.0,0.13499907779781897,0,2
8478859,5v5,1.4825485772524185,0.8560705392468239,19,16
8478859,PK,0.41575297266699646,0.20584611993295412,5,2
8478859,PP,0.014414505164169481,0.0,1,0
8478882,5v5,0.08522467193887537,0.28815987018471795,3,3
8478916,5v5,0.0,0.9980501756072044,0,12
8478916,PK,0.07517112046480179,0.10500285774469376,1,3
8478916,PP,0.0,0.07939120382070541,0,1
8478970,5v5,0.8827661983668804,0.6553059830330312,9,6
8478970,PK,0.0,0.04898812994360924,0,1
8478971,5v5,0.02706373855471611,0.4886111537634861,2,10
8478971,PK,0.0033138105645775795,0.0,1,0
8479293,5v5,0.4360458739101887,0.07414910197257996,4,2
8479293,PK,0.07517112046480179,0.08851547166705132,1,2
8479316,5v5,0.8625143805457045,1.4346822613777517,12,16
8479316,PK,0.5011939667165279,0.42187858789522126,3,6
8479316,PP,0.2362634549541704,0.0,2,0
8479318,5v5,0.16434980276972055,0.24487507343292236,5,2
8479323,5v5,0.9253258850843177,0.6154277014861658,16,8
8479323,PK,0.18579158951203942,0.0,3,0
8479336,5v5,0.3124594991095364,0.19785950146615505,6,3
8479343,5v5,0.0,0.03514113277196884,0,1
8479353,5v5,0.45220696926116943,0.0019089248962700367,4,1
8479353,PK,0.0,0.0174864511936903,0,1
8479359,5v5,0.2524975575506687,0.06990684568881989,2,1
8479359,PK,0.08851547166705132,0.07517112046480179,2,1
8479359,PP,0.07939120382070541,0.0,1,0
8479361,5v5,0.18624033778905869,0.8471193835139275,5,8
8479361,PK,0.0,1.096525378525257,0,4
8479369,5v5,0.767340000718832,0.0,6,0
8479369,PK,0.19650245644152164,0.5011939667165279,3,3
8479371,5v5,0.5380546506494284,0.5054467618465424,3,2
8479371,PK,0.31534984707832336,0.0,2,0
8479371,PP,0.0,0.12336621433496475,0,1
8479372,5v5,0.5872055478394032,0.0,5,0
8479378,5v5,0.4163696351170074,0.1280311457812786,7,5
8479378,PK,0.0,0.0033138105645775795,0,1
8479385,5v5,0.03875679150223732,0.23518558777868748,2,6
8479385,PK,0.0,0.1622491329908371,0,1
8479387,5v5,0.3556522913277149,0.5993731655180454,7,5
8479390,5v5,0.8618256842131509,0.48872518282630595,12,7
8479390,PK,0.13499907779781897,0.0,2,0
8479398,5v5,0.5969722930581375,0.31174954475024796,12,7
8479398,PK,0.20535868607404473,0.4128795056032874,4,4
8479420,5v5,0.1313079558312893,0.06865213811397552,4,1
8479420,PK,0.10500285774469376,0.07517112046480179,3,1
8479421,5v5,0.27769707748666406,0.16277877241373062,2,4
8479496,5v5,0.0,0.5664624199271202,0,8
8479496,PP,0.0,0.0012379360850900412,0,1
8479525,5v5,0.651609281522765,0.7547614968693634,13,13
8479525,PK,0.2220339322629772,0.0,3,0
8479542,PK,0.9771968275308609,0.0,3,0
8479591,5v5,0.0,0.07271642237901688,0,1
8479638,5v5,2.0835821300339172,0.7438103862772314,22,15
8479638,PK,0.0,0.13499907779781897,0,2
8479661,5v5,0.27769707748666406,0.16277877241373062,2,4
8479671,5v5,0.23394185304641724,0.0877379272133112,1,2
8479671,PK,0.31534984707832336,0.0,2,0
8479671,PP,0.0,0.12336621433496475,0,1
8479675,5v5,0.5608511931779758,0.3803880807751881,12,7
8479675,PK,0.0,0.24335712659069428,0,4
8479941,5v5,0.25969422422349453,0.3180421516299248,2,3
8479941,PK,0.0,0.0003524911589920521,0,1
8479944,5v5,0.0,0.5054467618465424,0,2
8479944,PK,0.31534984707832336,0.0,2,0
8479944,PP,0.0,0.12336621433496475,0,1
8479968,5v5,1.456201482564211,0.1350156357511878,11,4
8479968,PK,0.19650245644152164,0.0,3,0
8479976,5v5,0.0452754981815815,0.046283163130283356,1,1
8479976,PK,0.0033138105645775795,0.0,1,0
8479980,5v5,0.3474929891526699,0.02590452367439866,6,2
8479980,PK,0.1622491329908371,0.0174864511936903,1,1
8479981,5v5,0.5815027833328117,0.5796398847890698,9,6
8479981,PK,0.29862377898349934,0.20584611993295412,3,2
8479981,PP,0.014414505164169481,0.0,1,0
8479982,5v5,0.20794525370001793,0.3892679587006569,5,4
8479983,5v5,0.13024652283638716,0.9043694864958525,3,9
8479987,5v5,0.7509967740625143,0.0,7,0
8479996,5v5,0.16277877241373062,0.27769707748666406,4,2
8479998,5v5,0.5010599953497357,0.2703733624663574,12,4
8479998,PK,0.0,0.24335712659069428,0,4
8479999,5v5,0.17718391492962837,0.17785745859146118,4,3
8480001,5v5,0.9031867776571433,0.5948963215187131,14,9
8480001,PK,0.13499907779781897,0.0,2,0
8480003,5v5,1.1843979059060077,0.8481642134215948,18,16
8480003,PK,0.29862377898349934,0.22537613145369959,3,3
8480003,PP,0.2362634549541704,0.0,2,0
8480009,5v5,0.5970566645264626,0.08916639164090157,6,3
8480009,PK,0.0,0.01648738607764244,0,1
8480014,5v5,0.4346509091556072,0.07361486554145813,7,2
8480023,5v5,0.4241061289794743,0.767995810136199,6,8
8480023,PK,0.0,0.1622491329908371,0,1
8480039,5v5,2.0948042870353083,1.0651175500934043,23,12
8480039,PK,0.12466656617763283,0.0,3,0
8480043,5v5,0.01066962443292141,0.0,1,0
8480049,5v5,0.06839730913634412,0.0452754981815815,3,1
8480049,PK,0.0,0.0033138105645775795,0,1
8480058,5v5,0.39043508283793926,0.4258499317802489,5,4
8480069,5v5,0.29029630454209837,1.1144936847040643,4,12
8480069,PK,0.1991403642498562,0.25378584206841404,4,6
8480084,5v5,0.0638071559369564,0.3697922769933939,2,5
8480113,5v5,0.04657735812361352,0.008532080799341202,2,1
8480113,PK,0.0,0.0033138105645775795,0,1
8480144,5v5,0.2384798265993595,0.5176220536231995,6,4
8480145,5v5,0.40580741825397126,0.0638071559369564,7,2
8480145,PK,0.0,0.0033138105645775795,0,1
8480172,5v5,0.09061613911762834,0.7847174759954214,5,7
8480172,PK,0.0,0.19650245644152164,0,3
8480185,5v5,1.6558113531586358,0.7605814045529036,21,15
8480185,PK,0.29862377898349934,0.01953001152074546,3,1
8480185,PP,0.22184894979000092,0.0,1,0
8480188,5v5,0.586094475351274,0.15178505517542362,8,2
8480188,PK,0.0,0.19650245644152164,0,3
8480246,5v5,0.08973926305770874,0.0,1,0
8480281,5v5,0.02590452367439866,0.361243836581707,2,5
8480281,PK,0.0174864511936903,0.1622491329908371,1,1
8480289,5v5,0.032382167875766754,0.0,1,0
8480336,5v5,1.358218040317297,0.6908424943685532,14,5
8480336,PK,0.0,0.04898812994360924,0,1
8480355,5v5,1.1534387543797493,0.2882399456575513,10,7
8480355,PK,0.19650245644152164,0.0,3,0
8480448,5v5,0.754138462482378,0.19740294249357793,14,7
8480448,PK,0.18403549174632763,0.0,3,0
8480727,5v5,0.16673528403043747,0.023995598778128624,3,1
8480727,PK,0.1622491329908371,0.0,1,0
8480762,5v5,0.8936392683535814,0.6048199683427811,7,4
8480762,PK,0.0,0.04898812994360924,0,1
8480789,5v5,0.7381878532469273,0.17611262993887067,7,4
8480807,5v5,0.07414910197257996,0.34612560644745827,2,3
8480807,PK,0.01648738607764244,0.0,1,0
8480829,5v5,0.8554001618176699,0.7570384345017374,7,7
8480830,5v5,1.4079940002411604,0.15185449039563537,13,3
8480830,PK,0.0,0.04898812994360924,0,1
8480835,5v5,0.6747902814517379,0.8144564706662462,12,11
8480835,PK,0.12466656617763283,0.04898812994360924,3,1
8480839,5v5,0.07414910197257996,0.0,2,0
8480845,5v5,0.11410065877134912,0.0,4,0
8480845,PK,0.0,0.0033138105645775795,0,1
8480848,5v5,0.06620136881247163,1.019031174480915,4,9
8480848,PK,0.0,0.19650245644152164,0,3
8480849,5v5,0.02706373855471611,0.38398746724124067,2,6
8480849,PK,0.0033138105645775795,0.0,1,0
8480855,5v5,0.008532080799341202,0.10353844190831296,1,4
8480855,PK,0.0033138105645775795,0.0,1,0
8480865,5v5,0.23293380625545979,0.25969422422349453,4,2
8480865,PK,0.0003524911589920521,0.31534984707832336,1,2
8480865,PP,0.12336621433496475,0.0,1,0
8480880,5v5,0.09669481217861176,0.0,2,0
8480891,5v5,0.18311435356736183,0.456765055161668,6,9
8480891,PK,0.0033138105645775795,0.0,1,0
8480893,5v5,0.25969422422349453,0.17284627258777618,2,1
8480893,PK,0.31534984707832336,0.0,2,0
8480893,PP,0.0,0.12336621433496475,0,1
8480980,5v5,0.7171994254837418,0.9743159232367093,8,15
8480980,PK,0.0,0.13499907779781897,0,2
8480990,5v5,0.2655842453241348,0.3556522913277149,2,7
8480990,PK,0.18939129449427128,0.0,2,0
8480995,5v5,0.17783533222973347,0.08973926305770874,5,1
8481006,5v5,0.014761192724108696,0.22291285172104836,1,3
8481014,5v5,0.20847032964229584,0.25969422422349453,2,2
8481019,5v5,0.03514113277196884,0.0,1,0
8481122,5v5,0.14896053727716208,0.08973926305770874,4,1
8481122,PK,0.0,0.11932855099439621,0,1
8481161,5v5,0.25969422422349453,0.40578007884323597,2,5
8481161,PK,0.31534984707832336,0.0003524911589920521,2,1
8481161,PP,0.0,0.12336621433496475,0,1
8481186,5v5,0.45220185397192836,0.38230781629681587,9,4
8481186,PK,0.0806921198964119,0.050686875358223915,1,2
8481237,5v5,0.1451958790421486,0.25969422422349453,2,2
8481237,PK,0.0003524911589920521,0.31534984707832336,1,2
8481237,PP,0.12336621433496475,0.0,1,0
8481477,5v5,0.05829301290214062,0.6877422835677862,2,7
8481481,5v5,1.146266771718556,1.5711618267081147,12,20
8481481,PK,0.0,0.13499907779781897,0,2
8481519,5v5,0.34198593853253784,2.8630231020554113,8,40
8481519,PK,0.22537613145369959,0.41575297266699646,3,5
8481519,PP,0.0,0.2362634549541704,0,2
8481522,5v5,0.41122519224882126,0.4539335332810879,5,5
8481522,PK,0.08851547166705132,0.07517112046480179,2,1
8481524,5v5,0.1313079558312893,0.43392011150717735,4,5
8481524,PK,0.0,0.07517112046480179,0,1
8481528,5v5,0.07414910197257996,0.08992026746273041,2,1
8481528,PK,0.01648738607764244,0.0,1,0
8481532,5v5,0.5262795947492123,0.4421141338515224,5,4
8481532,PK,0.0,0.02132319432771708,0,1
8481554,5v5,0.42245844984427094,0.8632518146187067,6,7
8481554,PK,0.07517112046480179,0.08851547166705132,1,2
8481556,5v5,0.9344213753938675,0.02408940391615033,6,2
8481556,PK,0.19650245644152164,0.0,3,0
8481557,5v5,0.2974087707698345,0.011568985879421234,3,1
8481557,PK,0.20947800017893314,0.0,3,0
8481567,5v5,0.2815458821132779,1.0862064305692911,7,8
8481567,PK,0.5011939667165279,0.19650245644152164,3,3
8481568,5v5,0.17602375522255898,0.24697593785822392,3,2
8481568,PK,0.04898812994360924,0.0,1,0
8481577,5v5,1.4130269539155005,0.8991885696438847,17,13
8481577,PK,0.0,0.13499907779781897,0,2
8481582,5v5,0.22409914806485176,0.3892679587006569,5,4
8481598,5v5,0.0,0.16701321303844452,0,1
8481601,5v5,0.5054467618465424,0.25969422422349453,2,2
8481601,PK,0.0,0.31534984707832336,0,2
8481601,PP,0.12336621433496475,0.0,1,0
8481604,5v5,0.8526427503675222,0.4074360113590956,10,4
8481606,5v5,0.12368381768465042,0.3123483806848526,1,2
8481624,5v5,0.6625229779314633,0.14230007864534855,5,3
8481641,5v5,0.7591190528990842,0.5035638780118107,10,5
8481641,PK,0.3027260521593891,0.0,4,0
8481668,5v5,0.40835129131126935,2.3873337934768055,7,35
8481668,PK,0.0,0.18579158951203942,0,3
8481704,5v5,0.011568985879421234,0.26932064443826675,1,2
8481704,PK,0.03771299868822098,0.050686875358223915,1,2
8481711,5v5,0.02706373855471611,0.04657735812361352,2,2
8481711,PK,0.0033138105645775795,0.0,1,0
8481716,5v5,0.5380546506494284,0.0877379272133112,3,2
8481716,PK,0.31534984707832336,0.0,2,0
8481716,PP,0.0,0.12336621433496475,0,1
8481719,5v5,0.5176220536231995,0.11308036744594574,4,4
8481726,5v5,1.2463432364344957,1.02384827816046,18,14
8481726,PK,0.13499907779781897,0.0,2,0
8481806,5v5,0.2693249857984483,1.2078193221241236,5,10
8482055,5v5,0.02740713208913803,0.024469036608934402,1,1
8482070,5v5,0.0,0.07271642237901688,0,1
8482070,PK,0.11932855099439621,0.0,1,0
8482073,5v5,1.0536032908337343,1.137533170814879,18,15
8482073,PK,0.13499907779781897,0.0,2,0
8482077,5v5,0.385349337477237,0.8110149223357439,4,7
8482079,5v5,0.36495962738990784,0.09624679386615753,2,1
8482079,PK,0.18939129449427128,0.0,2,0
8482089,5v5,0.35628559114411473,0.17589132487773895,4,2
8482089,PK,0.0174864511936903,0.0,1,0
8482093,5v5,0.899075236171484,0.03184770932421088,8,2
8482097,5v5,0.09794406965374947,0.36401326581835747,3,4
8482097,PK,0.08851547166705132,0.07517112046480179,2,1
8482109,5v5,1.1550971913700978,1.024023022711008,17,15
8482109,PK,0.18579158951203942,0.0,3,0
8482113,5v5,0.766544907161082,0.0,9,0
8482113,PK,0.29862377898349934,0.0,3,0
8482117,5v5,0.648027278482914,0.03234206326305866,5,2
8482122,5v5,0.7472674436867237,0.45189908519387245,6,8
8482122,PK,0.22382786870002747,0.0,4,0
8482124,5v5,1.469491561250948,1.1509667857621622,21,17
8482124,PK,0.45718734749276835,0.2220339322629772,7,3
8482124,PP,0.0,0.0012379360850900412,0,1
8482137,5v5,0.23448858689516783,2.05309821665287,6,18
8482137,PK,0.5011939667165279,0.19650245644152164,3,3
8482149,5v5,0.438189586129738,0.02706373855471611,8,2
8482149,PK,0.0,0.0033138105645775795,0,1
8482155,5v5,0.67565148946181,0.4871809513976176,8,9
8482155,PK,0.10473269934012044,0.10334337184991574,2,2
8482157,5v5,0.9292209525465589,0.9308556995273305,15,11
8482157,PK,0.13499907779781897,0.0,2,0
8482175,5v5,0.042141564190387726,0.0178876593708992,1,1
8482176,5v5,0.5278697402622978,1.2455391228183812,13,14
8482176,PK,0.01953001152074546,0.29862377898349934,1,3
8482176,PP,0.0,0.22184894979000092,0,1
8482177,5v5,0.09669481217861176,0.0,2,0
8482221,5v5,0.4360358342528343,0.7633097753860056,6,10
8482221,PK,0.10500285774469376,0.07517112046480179,3,1
8482221,PP,0.07939120382070541,0.0,1,0
8482259,5v5,0.13294854387640953,0.08973926305770874,4,1
8482408,5v5,0.20084549486637115,0.008671342260449863,2,1
8482408,PK,0.0,0.12466656617763283,0,3
8482451,5v5,0.7214120682328939,0.20847032964229584,4,2
8482460,5v5,1.0346984355140203,0.6506535589579001,14,6
8482460,PK,0.13499907779781897,0.0,2,0
8482511,5v5,1.2982006911188364,0.12356235506013036,12,4
8482511,PK,0.19650245644152164,0.0,3,0
8482659,5v5,0.02706373855471611,0.41607544012367725,2,6
8482659,PK,0.0033138105645775795,0.0,1,0
8482660,5v5,0.4430516418069601,0.5931846890598536,3,4
8482660,PK,0.31534984707832336,0.0,2,0
8482660,PP,0.0,0.12336621433496475,0,1
8482665,5v5,0.0178876593708992,0.2524975575506687,1,2
8482665,PK,0.07517112046480179,0.08851547166705132,1,2
8482665,PP,0.0,0.07939120382070541,0,1
8482667,5v5,0.09947295114398003,0.40168438479304314,2,5
8482671,5v5,0.09437188506126404,0.0,1,0
8482671,PK,0.08851547166705132,0.07517112046480179,2,1
8482703,5v5,0.9174692745657612,0.7679786671567175,13,13
8482703,PK,0.20584611993295412,0.29862377898349934,2,3
8482703,PP,0.0,0.014414505164169481,0,1
8482705,5v5,0.4430516418069601,0.17284627258777618,3,1
8482705,PK,0.0,0.0003524911589920521,0,1
8482713,5v5,0.9206212266598676,0.27041467111333883,16,7
8482713,PK,0.29862377898349934,0.20584611993295412,3,2
8482713,PP,0.014414505164169481,0.0,1,0
8482720,5v5,0.010877863503992558,0.0,1,0
8482726,5v5,0.30216611409559846,0.046005854383111,3,2
8482730,5v5,0.21411732082731882,0.28432533150992156,5,4
8482730,PK,0.21324763229701965,0.16761304588446954,2,1
8482758,5v5,0.6940180505936184,0.7931459313453837,8,13
8482758,PK,0.0,0.13499907779781897,0,2
8482807,5v5,0.6709486841487217,1.1128229916234469,13,18
8482807,PK,0.22537613145369959,0.41575297266699646,3,5
8482807,PP,0.0,0.2362634549541704,0,2
8482809,5v5,0.4996520671993494,0.5535454130731523,6,4
8482858,5v5,0.35331580648198724,0.12637942284345627,4,2
8482858,PK,0.07517112046480179,0.01648738607764244,1,1
8482929,5v5,0.08973926305770874,0.11183556914329529,1,2
8483431,5v5,0.0642239898443222,0.10353844190831296,3,4
8483431,PK,0.0033138105645775795,0.0,1,0
8483432,5v5,0.23394185304641724,0.5931846890598536,1,4
8483432,PK,0.31534984707832336,0.0,2,0
8483432,PP,0.0,0.12336621433496475,0,1
8483447,5v5,0.24487507343292236,0.08483908418565989,2,4
8483448,5v5,0.1451958790421486,0.25969422422349453,2,2
8483450,5v5,0.3939933061291543,0.33707448338660373,4,4
8483460,5v5,0.08116264641284943,0.3440833054482937,1,6
8483460,PK,0.18939129449427128,0.0,2,0
8483468,5v5,0.8312442768365145,0.07709704572334886,6,2
8483468,PK,0.04512403905391693,0.07517112046480179,1,1
8483489,5v5,0.03911914676427841,0.08973926305770874,1,1
8483493,5v5,1.268867958686658,1.1295950854386936,13,13
8483499,5v5,0.21706534922122955,0.0,1,0
8483499,PK,0.15879112482070923,0.0,1,0
8483503,5v5,0.13777768798172474,0.34135997807607055,3,4
8483505,5v5,0.19785950146615505,0.20976698957383633,3,5
8483506,5v5,0.31949121197299823,0.35014009976045973,7,5
8483506,PK,0.1647447924206384,0.29862377898349934,1,3
8483524,5v5,0.14964944124221802,0.0,1,0
8483553,5v5,0.40578007884323597,0.25969422422349453,5,2
8483553,PK,0.0003524911589920521,0.31534984707832336,1,2
8483553,PP,0.12336621433496475,0.0,1,0
8483690,5v5,1.5527341495669034,1.0327075897339104,21,12
8483690,PK,0.13499907779781897,0.0,2,0
8483808,5v5,0.8494164055491578,0.4947261238773353,14,9
8483808,PK,0.0,0.4109701724751638,0,5
8484144,5v5,0.4930503902551371,1.4226401478539632,11,20
8484144,PK,0.27436426139730885,0.41575297266699646,4,5
8484145,5v5,0.44216552190482616,0.08486615866422653,7,2
8484145,PK,0.08851547166705132,0.07517112046480179,2,1
8484149,5v5,0.24812065536103078,0.04375347297059172,4,2
8484149,PK,0.24335712659069428,0.0,4,0
8484166,5v5,0.25969422422349453,0.0877379272133112,2,2
8484166,PK,0.31534984707832336,0.0003524911589920521,2,1
8484166,PP,0.0,0.12336621433496475,0,1
8484227,5v5,0.2609309833496809,0.5296644102782011,6,5
8484258,5v5,0.23089878336038566,0.1942593384668618,4,4
8484258,PK,0.24335712659069428,0.0,4,0
8484783,5v5,0.7144341502291165,1.028910500645603,13,15
8484783,PK,0.01953001152074546,0.41575297266699646,1,5
8484783,PP,0.0,0.22184894979000092,0,1
8484801,5v5,0.26759753888472915,1.0013446789234877,6,9
8484801,PK,0.5011939667165279,0.19650245644152164,3,3
8484839,5v5,1.5258624152717606,1.6000884432906812,22,25
8484839,PK,0.0,0.18579158951203942,0,3
8484911,5v5,0.1171340481378138,0.0,2,0
8484911,PK,0.2845415472984314,0.0,1,0
8484929,5v5,0.9003866519778967,0.05855325981974602,7,1
8484929,PK,0.0,0.04898812994360924,0,1
8484976,5v5,0.4406328680925071,0.11298717185854912,8,2
8485414,5v5,0.9077413509212373,0.3350426568513579,10,5
