player_id,evo_rate_raw,evd_rate_raw,ppo_rate_raw,ppd_rate_raw,toi_5v5_minutes,toi_pp_minutes,toi_pk_minutes,toi_total_minutes,penalty_component_raw
8470594,0.8572878530842095,1.81199934144413,0.0,0.8734803830013895,19.366666666666667,5.1,8.133333333333333,32.6,0.0
8470613,2.896109751935958,1.7385518472805803,0.0,0.0,42.95,2.716666666666667,3.7,49.36666666666667,0.0
8471675,3.4497715287181894,3.298685635525663,0.0,2.4410573804501525,20.866666666666667,2.166666666666667,4.566666666666666,27.6,0.0
8471677,0.966803730304633,0.0,0.0,0.0,16.116666666666667,0.0,0.0,16.116666666666667,0.0
8471685,1.696718940225371,1.054660085132284,0.0,3.4807174226570923,28.549999999999997,7.166666666666666,6.716666666666667,42.43333333333333,0.0
8471724,3.930284360118356,2.882406567753521,0.0,4.118615932814814,29.150000000000002,1.2333333333333334,1.9666666666666666,32.35,0.0
8473419,4.251512117427628,1.2836598190780428,6.347376401753831,1.718970494138386,25.4,2.2333333333333334,7.866666666666666,35.5,0.0
8473422,4.72612225051915,3.67452939938285,0.0,7.624436910217003,8.983333333333334,0.0,2.35,11.333333333333334,0.0
8473533,2.5814698128157176,2.28473771272172,0.0,0.0,16.316666666666666,1.8666666666666667,0.6166666666666667,18.8,0.0
8474037,1.0194278078671024,2.1723956059160456,0.0,0.0,16.383333333333333,1.2,3.5,21.083333333333332,0.0
8474166,0.035554052076556195,1.0007138774708784,0.0,0.0,12.283333333333333,0.0,2.75,15.033333333333333,0.0
8474563,3.726303058318609,1.0886570424259165,0.0,2.2463734762217924,12.366666666666667,3.25,6.5,22.116666666666667,0.0
8474565,1.1086230863578355,0.0,0.0,0.0,9.95,1.55,2.716666666666667,14.216666666666667,0.0
8474567,0.5640929188509747,2.1030558567298088,0.0,0.0,9.816666666666666,1.7333333333333334,2.3,13.85,0.0
8474578,2.018493550083988,1.635015464057134,0.0,3.1764488893604446,36.06666666666666,2.166666666666667,2.55,40.78333333333333,0.0
8474673,0.3337958756781796,2.3044563588541993,0.0,0.0,11.833333333333334,0.5666666666666667,4.166666666666667,16.566666666666666,0.0
8475167,1.0751877585515008,0.6120170379346004,0.0,0.0,26.15,0.0,0.0,26.15,0.0
8475170,1.7194573748957827,0.7663167918784709,0.0,3.539981083436446,9.216666666666667,2.566666666666667,2.75,14.533333333333333,0.0
8475177,2.1392555432281033,0.39431245220817523,0.0,0.0,12.35,0.0,0.0,12.35,0.0
8475188,0.4711288424850095,1.5664908209511825,0.0,0.3703013193957946,10.116666666666667,2.566666666666667,2.8333333333333335,15.516666666666667,0.0
8475200,1.5895828465434991,2.0641476916193446,0.0,0.0,23.183333333333334,2.033333333333333,3.6166666666666667,28.833333333333332,0.0
8475208,2.52588857602314,2.8410181157396983,0.0,1.4384603789726862,19.516666666666666,2.966666666666667,5.2,27.683333333333334,0.0
8475220,1.6641337841822297,1.3302017225657732,0.0,0.0,20.383333333333333,1.15,1.6666666666666667,23.2,0.0
8475231,2.316122430168625,0.0,3.2897657155990587,4.400230424348697,15.366666666666667,2.25,4.3,21.916666666666668,0.0
8475311,3.5380168965703818,3.8267486439308445,0.0,3.9407129616852505,20.783333333333335,5.066666666666666,6.583333333333333,32.43333333333334,0.0
8475314,2.5469073186981386,0.7258534217426865,2.9411812689130654,4.083667084467495,21.466666666666665,2.5166666666666666,4.633333333333334,28.616666666666667,0.0
8475683,3.762256631288487,4.032216414797286,7.2080376087713,1.988612924591466,19.433333333333334,1.9666666666666666,6.8,28.2,0.0
8475692,0.2593394305267184,0.6574733546834288,0.0,0.0,8.783333333333333,1.1,2.216666666666667,12.1,0.0
8475753,0.006633329755378378,0.74433757776114,0.0,0.0,17.266666666666666,0.5833333333333334,1.2166666666666666,19.066666666666666,0.0
8475754,2.6274091039554435,1.1987190665526746,4.354101682410519,7.374020216903762,26.383333333333333,1.7,4.633333333333333,32.71666666666667,0.0
8475760,0.31362546266183333,1.772629094018033,0.0,0.0,14.083333333333334,0.45,1.8333333333333333,16.366666666666667,0.0
8475764,1.167838820043554,1.949996945594773,0.0,0.0,19.7,0.0,0.0,19.7,0.0
8475768,0.4412932780454963,0.28477685349585113,0.0,0.0,19.883333333333333,0.0,0.5666666666666667,20.45,0.0
8475791,0.6576984772990377,0.24001232115969826,0.0,0.0,9.283333333333333,0.5666666666666667,2.0833333333333335,11.933333333333334,0.0
8475798,1.2415114298669827,2.422780926442808,0.0,0.0,10.8,0.08333333333333333,1.65,12.533333333333333,0.0
8475799,1.8164978739401658,0.04036201166574024,0.0,0.10845198211344546,12.683333333333334,0.45,1.8333333333333333,14.966666666666667,0.0
8475809,1.0465699348879447,5.0,0.0,3.8098945624397356,18.733333333333334,5.033333333333333,7.2,30.96666666666667,0.0
8475842,2.1660234220562313,2.6802955950503953,0.0,0.0,19.816666666666666,0.75,0.3333333333333333,20.9,0.0
8475852,1.5553612878588083,4.263055891418374,0.0,0.0,28.85,2.033333333333333,4.333333333333333,35.21666666666667,0.0
8475883,2.3483369726394296,2.4289442421411778,0.0,0.5459977331176257,22.433333333333334,1.45,5.383333333333334,29.266666666666666,0.0
8475913,1.6832634449225068,0.8489455629098898,0.0,0.0,27.1,0.0,0.0,27.1,0.0
8476312,1.5058502904994886,3.116933799113665,0.0,1.5392763792772302,20.483333333333334,6.050000000000001,7.916666666666666,34.449999999999996,0.0
8476331,1.923810278680331,0.04277923520561047,0.0,0.0,11.966666666666667,0.0,0.0,11.966666666666667,0.0
8476374,2.2140523833234593,0.0,0.0,0.0,19.55,0.9333333333333333,0.0,20.483333333333334,0.0
8476389,1.2894010284837607,4.7056727646454375,0.0,0.0,19.35,0.0,0.11666666666666667,19.46666666666667,0.0
8476392,1.1739075446609282,0.22251344748047786,0.0,0.0,19.85,0.0,0.0,19.85,0.0
8476412,0.6929980420953772,1.7842872823532072,0.0,4.172120562621526,56.06666666666667,2.6166666666666667,2.3333333333333335,61.01666666666667,0.0
8476419,0.4597230998695998,0.8222508418685841,0.0,0.0,18.95,0.9,2.05,21.9,0.0
8476429,0.6807949467352231,1.022865653396696,0.0,0.0,15.233333333333333,0.26666666666666666,2.3833333333333333,17.883333333333333,0.0
8476438,1.2390731565061617,0.7982982949099757,0.0,3.435863992747138,14.666666666666666,2.566666666666667,2.8333333333333335,20.066666666666666,0.0
8476441,1.2312931223226895,1.4211344577779996,0.0,2.3236109190311574,34.233333333333334,5.116666666666667,5.7333333333333325,45.083333333333336,0.0
8476442,0.9538455321811711,1.9225182287538278,0.0,0.0,8.666666666666666,0.9333333333333333,0.5833333333333334,10.183333333333334,0.0
8476448,2.6391792750956085,0.11400523866483492,0.0,0.3703013193957946,13.633333333333333,2.566666666666667,2.8333333333333335,19.03333333333333,0.0
8476453,1.6969273311232551,0.6825354763396498,0.0,0.0,19.7,2.033333333333333,1.1833333333333333,22.916666666666664,0.0
8476455,1.745901039697371,0.49321226643964433,0.0,0.0,12.3,0.6,0.95,13.850000000000001,0.0
8476457,2.2416470779312982,0.15806191497378863,0.0,0.0,12.15,0.0,0.0,12.15,0.0
8476459,5.0,2.15450851311842,0.0,0.0,14.3,1.2333333333333334,1.9666666666666666,17.5,0.0
8476460,1.5638264779376747,0.03773401827718467,0.0,0.10845198211344546,13.566666666666666,0.45,1.8333333333333333,15.85,0.0
8476468,3.3322843181493043,2.932706672483055,0.0,0.0,17.466666666666665,0.75,0.3333333333333333,18.549999999999997,0.0
8476469,2.911479968335798,2.4734245033945403,0.0,4.384194180931535,21.95,4.666666666666667,4.0,30.616666666666667,0.0
8476473,2.2642697335292885,3.2361774372741667,0.0,2.7707360936613337,22.45,1.25,6.466666666666667,30.166666666666664,0.0
8476479,1.4006439834883584,1.3295830499747152,0.0,8.061513254907332,7.5,2.466666666666667,2.0166666666666666,11.983333333333334,0.0
8476480,1.4990986305241119,0.18430759688993503,0.0,0.10845198211344546,17.516666666666666,0.45,1.8333333333333333,19.8,0.0
8476483,2.877416771624914,1.8511913154605122,0.0,4.118615932814814,17.633333333333333,1.2333333333333334,1.9666666666666666,20.833333333333332,0.0
8476525,0.2621983665098897,0.26084032049153555,0.0,0.10845198211344546,18.7,0.45,1.8333333333333333,20.983333333333334,0.0
8476822,1.4676967543871413,0.601805753237463,0.0,0.0,11.15,0.0,0.0,11.15,0.0
8476871,0.8600281710875354,0.0,0.0,0.0,13.633333333333333,0.05,1.1,14.783333333333333,0.0
8476874,0.16800603609538392,0.34994737453464614,0.0,0.0,9.816666666666666,0.45,1.8333333333333333,12.1,0.0
8476878,1.8561041777600493,0.4102625492357508,0.0,0.0,10.816666666666666,0.0,0.0,10.816666666666666,0.0
8476879,0.2210488252138665,2.831894427124312,0.0,6.606905608165463,19.566666666666666,1.9,2.916666666666667,24.383333333333333,0.0
8476881,1.1012680745065435,0.10757678157068862,0.0,0.0,13.383333333333333,1.5,1.6166666666666667,16.5,0.0
8476882,2.975594699461771,1.5818715609091731,0.0,0.0,14.016666666666666,2.3,5.633333333333333,21.95,0.0
8476889,0.011377698057238412,0.547451094187648,0.0,0.0,10.066666666666666,0.05,1.1,11.216666666666667,0.0
8476891,2.795424678079262,3.2808853156637605,0.0,0.0,5.6,1.4666666666666668,3.216666666666667,10.283333333333333,0.0
8476892,0.8951916247026465,1.5434546780261549,0.0,0.0,25.7,0.45,0.0,26.15,0.0
8476897,0.28385610178375287,0.7462731276054093,0.0,0.0,19.883333333333333,1.0666666666666667,1.2166666666666666,22.166666666666664,0.0
8476906,4.837398880189008,4.311587893136657,0.0,0.0,8.416666666666666,1.4666666666666666,0.6166666666666667,10.5,0.0
8476914,1.7751326086670591,1.9163526331614005,0.0,12.0,23.133333333333333,0.65,2.283333333333333,26.066666666666666,0.0
8476917,1.761544098851695,0.6195488450659908,3.127594166238542,4.73024770617485,25.15,2.3666666666666667,4.0,31.516666666666666,0.0
8476921,2.269536981846662,2.793573025839041,0.0,0.0,12.416666666666666,1.8666666666666667,0.6166666666666667,14.899999999999999,0.0
8476923,0.0,5.0,0.0,0.0,7.2,1.6833333333333333,3.0833333333333335,11.966666666666667,0.0
8476931,0.5777386090029841,1.0376802593351826,0.0,0.0,21.083333333333332,0.0,0.0,21.083333333333332,0.0
8476945,0.14323766754753756,0.501555177985669,0.0,0.08644723211941305,23.983333333333334,1.75,2.3,28.033333333333335,0.0
8476958,1.545851792473895,2.2415787256055664,0.0,0.0,14.816666666666666,1.4666666666666666,2.7,18.983333333333334,0.0
8477070,0.13327597351620846,0.8073093705563238,0.0,0.0,32.56666666666667,0.45,1.8333333333333333,34.85,0.0
8477369,4.76781690673827,3.1649052125963153,0.0,0.0,9.683333333333334,0.75,0.3333333333333333,10.766666666666667,0.0
8477401,0.04589489383741851,1.265297338683554,0.0,0.0,9.4,0.13333333333333333,1.95,11.483333333333334,0.0
8477402,0.05109643635268362,0.6764452345669268,0.0,0.0,17.333333333333332,0.0,0.0,17.333333333333332,0.0
8477404,1.1966834376965252,0.8593987573736481,0.0,0.0,11.2,2.1666666666666665,1.1833333333333333,14.549999999999999,0.0
8477407,1.1178050676117772,1.3549263872530146,0.0,0.0,11.5,0.26666666666666666,0.3333333333333333,12.1,0.0
8477409,4.806652788014894,1.900302559664652,7.2080376087713,3.2584500933064984,23.933333333333334,1.9666666666666666,4.15,30.05,0.0
8477444,1.4966479924174436,2.1496444067772402,0.0,0.0,27.883333333333333,0.7166666666666667,1.4833333333333334,30.083333333333336,0.0
8477450,1.3175730644142092,2.362489911957802,0.0,0.0,17.85,2.183333333333333,2.1,22.133333333333333,0.0
8477451,0.6549980977307195,1.9946858286857607,0.0,0.0,10.35,0.0,0.0,10.35,0.0
8477476,2.5499202759482764,3.9375043841664534,0.0,1.8557265993824474,9.7,6.199999999999999,6.566666666666667,22.46666666666667,0.0
8477479,1.9553742870890751,3.1838032917618553,0.0,0.0,26.166666666666668,1.6166666666666667,5.15,32.93333333333334,0.0
8477492,2.8878559205640038,2.1755821606027634,0.0,1.8279052551725905,17.183333333333334,4.616666666666667,6.216666666666667,28.01666666666667,0.0
8477495,3.044251283739107,1.7815784026936574,0.0,0.0,18.133333333333333,2.75,3.033333333333333,23.916666666666668,0.0
8477500,1.567327580737316,0.9254642820534841,5.0467996773394646,3.6979135162278958,34.88333333333333,1.4666666666666666,5.116666666666666,41.46666666666667,0.0
8477501,2.985812379370593,1.8601421067688289,0.0,0.0,12.816666666666666,0.8833333333333333,2.533333333333333,16.233333333333334,0.0
8477503,0.785499975203835,1.302240223720156,0.0,0.0,12.566666666666666,0.0,0.0,12.566666666666666,0.0
8477504,2.678982329590051,0.0,0.0,0.10845198211344546,8.6,0.45,1.8333333333333333,10.883333333333333,0.0
8477505,1.2155643850564952,1.9730797522280317,0.0,0.0,12.166666666666666,0.0,0.0,12.166666666666666,0.0
8477506,1.485374990821354,1.046578681433764,6.168310716748235,4.220295351234066,25.4,1.2,4.483333333333333,31.083333333333332,0.0
8477507,3.6039303831461043,0.2597213446134977,0.0,12.0,13.466666666666667,0.0,2.1666666666666665,15.633333333333333,0.0
8477511,3.345757295972681,3.6986976548235573,0.0,4.418151637019527,16.716666666666665,1.2333333333333334,1.8333333333333333,19.78333333333333,0.0
8477839,3.367954112660327,2.6444379207691715,0.0,0.0,11.433333333333334,0.75,0.3333333333333333,12.516666666666667,0.0
8477919,4.169022802795683,0.09916273610932456,0.0,0.0,7.0,3.45,5.2,15.65,0.0
8477932,3.2129368375105316,1.9972702513303071,12.0,0.22320013166566172,22.633333333333333,0.9,5.25,28.78333333333333,0.0
8477933,3.8670889008879152,1.9585650921014182,0.0,0.0,9.633333333333333,0.0,2.433333333333333,12.066666666666666,0.0
8477935,3.3678758943447735,1.8532173288744218,11.34064583780018,2.091118745446696,22.283333333333335,1.25,6.466666666666667,30.0,0.0
8477942,3.3543873945005958,1.7544299372854744,0.0,1.2865820153178897,24.316666666666666,9.0,7.816666666666666,41.13333333333333,0.0
8477949,1.1923321032834842,1.4387281126038158,0.0,1.186912428391606,21.1,1.3166666666666667,3.8,26.21666666666667,0.0
8477951,0.7127111098345589,0.15609985416042846,0.0,0.0,8.5,1.75,2.533333333333333,12.783333333333333,0.0
8477956,5.0,0.6810041613501607,0.0,7.36448277624286,13.9,0.65,4.083333333333333,18.633333333333333,0.0
8477960,1.5588241036952473,1.160146019604845,0.0,4.009465097318671,52.266666666666666,7.783333333333333,6.15,66.2,0.0
8477968,0.41238816375047865,1.7972456760583924,0.016628992187776116,3.4570242193612177,23.683333333333334,4.466666666666667,2.933333333333333,31.083333333333332,0.0
8477969,2.042059861704342,1.609099357034223,0.0,0.0,14.966666666666667,0.9333333333333333,0.5833333333333334,16.483333333333334,0.0
8477986,1.8114329304590644,1.0296013547604774,0.0,2.8707720540665287,16.733333333333334,1.1333333333333333,1.85,19.71666666666667,0.0
8477987,1.61963411600698,2.598598127483025,0.0,2.3421472861450923,35.333333333333336,1.25,7.6499999999999995,44.233333333333334,0.0
8477992,0.7927049581821147,1.4291970517772894,0.0,0.0,19.5,0.4,0.4,20.3,0.0
8477998,2.5498447360767127,0.9117195547178669,0.0,3.5844042876534434,14.766666666666666,1.9333333333333333,3.716666666666667,20.416666666666668,0.0
8478007,0.7916166022054023,3.000486642122269,0.0,0.0033219062103958114,19.683333333333334,3.45,6.366666666666666,29.5,0.0
8478009,0.6474141609964904,1.792328119833277,2.2205918580293647,3.059998516123892,24.15,3.3333333333333335,6.183333333333334,33.666666666666664,0.0
8478010,0.9871783475459355,0.6186998671406728,0.0,0.0,14.883333333333333,1.4166666666666667,0.8833333333333333,17.183333333333334,0.0
8478013,1.1165491599278903,1.8729072647780436,0.0,5.201535611687336,21.383333333333333,0.65,2.2666666666666666,24.3,0.0
8478038,1.4163773930149628,1.9355122759948964,0.0,0.0,16.2,2.783333333333333,6.066666666666666,25.05,0.0
8478043,1.6556594397224584,3.1182542358933447,0.0,3.5954702486307606,23.8,0.5333333333333333,4.983333333333333,29.316666666666666,0.0
8478047,1.0714910683095258,1.2733054438612093,0.02684680666460241,0.0,20.066666666666666,2.7666666666666666,1.2666666666666666,24.1,0.0
8478048,2.909317405955173,5.0,0.0,0.0,20.0,1.2333333333333334,3.9833333333333334,25.21666666666667,0.0
8478055,4.004144137826829,1.821067313414566,12.0,2.091118745446696,27.9,0.95,6.466666666666667,35.31666666666666,0.0
8478109,1.9755407284437028,0.8950282459930989,0.0,0.0,31.25,0.65,2.3333333333333335,34.233333333333334,0.0
8478115,0.5677432311277317,0.8530102255516242,0.0,0.0,18.266666666666666,0.26666666666666666,0.3333333333333333,18.866666666666667,0.0
8478178,1.2023100232424802,0.4704259593192845,0.0,0.0,30.416666666666668,1.4166666666666667,0.5166666666666667,32.35,0.0
8478396,0.29250250953548335,0.008644188209524529,0.0,0.0,13.25,0.38333333333333336,1.1,14.733333333333334,0.0
8478401,5.0,0.7170638824361174,0.0,0.0,15.216666666666667,0.5666666666666667,1.7166666666666666,17.5,0.0
8478403,1.6516908402657735,1.2282641799835876,0.0,0.3703013193957946,31.633333333333333,2.566666666666667,2.8333333333333335,37.03333333333333,0.0
8478406,1.143168079267655,2.861461965367198,0.0,2.5644848924563366,18.666666666666668,3.7666666666666666,5.733333333333333,28.166666666666668,0.0
8478407,2.050778962356943,0.4177414195638304,0.0,0.0,10.65,0.0,0.0,10.65,0.0
8478420,2.0646656704498256,1.2573094920233205,0.0,1.6276435479796678,13.383333333333333,5.816666666666666,9.033333333333333,28.233333333333334,0.0
8478421,3.6965724353445286,2.3149481537947705,1.2067957811862753,3.2219392685158033,16.2,0.7166666666666667,3.8333333333333335,20.75,0.0
8478427,3.634023381021997,2.422831087601962,0.0,0.0,14.316666666666666,1.4666666666666666,2.25,18.03333333333333,0.0
8478434,0.7696969846275754,0.0,0.0,0.0,15.233333333333333,0.0,0.0,15.233333333333333,0.0
8478443,2.582013808776823,1.1119551054631054,0.0,0.0,14.833333333333334,0.08333333333333333,0.4166666666666667,15.333333333333334,0.0
8478445,1.4683616806786701,1.172967508310727,0.0,0.0,11.966666666666667,0.0,0.3333333333333333,12.3,0.0
8478450,2.1110285954170767,2.145872230332909,0.0,3.3985781823227135,32.75,1.3166666666666667,2.3833333333333333,36.45,0.0
8478452,3.798026419770511,1.6762457050685629,0.0,0.0,13.783333333333333,0.48333333333333334,1.6333333333333333,15.9,0.0
8478458,3.2191939251337414,1.876950198735783,0.0,0.6862150497937477,22.316666666666666,2.033333333333333,4.283333333333333,28.633333333333333,0.0
8478460,0.9026695294395519,1.0054695812260606,0.0,0.0,15.55,1.4666666666666666,3.5166666666666666,20.533333333333335,0.0
8478463,2.3753739893436427,0.0,0.0,0.0,8.7,1.3833333333333333,0.11666666666666667,10.2,0.0
8478472,0.06574136651542081,0.9143794440243344,0.0,6.021617306876428,21.9,1.5,1.6166666666666667,25.016666666666666,0.0
8478474,0.2294762850879551,1.3799158642282496,0.0,0.0,16.683333333333334,0.45,1.8333333333333333,18.96666666666667,0.0
8478483,0.5051892872301407,1.2483021879443235,0.0,0.0,16.083333333333332,0.0,0.4,16.48333333333333,0.0
8478499,0.8471409608247962,0.8284179907828403,0.0,0.26674247583595373,56.38333333333333,2.6166666666666667,3.933333333333333,62.93333333333333,0.0
8478500,2.0085718837110735,1.4072763670901411,0.0,0.0,21.55,0.36666666666666664,1.95,23.866666666666667,0.0
8478519,1.6871311083561231,0.47207172615688386,0.0,0.0,11.9,0.0,0.25,12.15,0.0
8478542,3.761187986103122,0.8813426279084203,0.0,0.0,10.95,0.0,2.35,13.299999999999999,0.0
8478550,2.0234193927859714,4.512060169866221,0.0,0.0,16.883333333333333,0.75,0.3333333333333333,17.966666666666665,0.0
8478569,2.1447553621000677,1.3147646493919365,0.02053718850840553,3.1764488893604446,40.05,3.6166666666666667,2.55,46.21666666666667,0.0
8478840,2.9269603842296785,2.8423533981538776,0.0,0.0,26.283333333333335,1.2333333333333334,1.9666666666666666,29.483333333333334,0.0
8478854,3.65018038706129,2.4370655721884407,0.0,12.0,33.71666666666667,0.75,0.3333333333333333,34.800000000000004,0.0
8478859,3.2444832085767215,1.8734674415128059,0.6033978905931376,2.5641731202720925,27.416666666666668,1.4333333333333333,4.816666666666666,33.666666666666664,0.0
8478916,0.0,3.160053326460806,0.0,1.2901375012999907,18.95,1.7166666666666666,4.883333333333334,25.55,0.0
8478970,3.137175038618726,2.328826790640585,0.0,0.6144852536480597,16.883333333333333,2.033333333333333,4.783333333333333,23.7,0.0
8478971,0.0797948065495315,1.4406225663788288,0.0,0.0,20.35,0.45,1.8333333333333333,22.633333333333336,0.0
8479293,2.214055213084174,0.37649755585513067,0.0,2.0168082151986373,11.816666666666666,1.2,2.6333333333333333,15.649999999999999,0.0
8479316,2.016267383093855,3.353802688935004,7.875448498472347,4.376838375858203,25.666666666666664,1.7999999999999998,5.783333333333333,33.25,0.0
8479318,0.8599698982136538,1.28132305866064,0.0,0.0,11.466666666666667,0.0,0.0,11.466666666666667,0.0
8479323,3.7854240753449355,2.517658778807042,0.0,0.0,14.666666666666666,1.2333333333333334,3.9833333333333334,19.883333333333333,0.0
8479336,1.5139356619035411,0.958673223792945,0.0,0.0,12.383333333333333,0.08333333333333333,0.4166666666666667,12.883333333333333,0.0
8479353,2.3627650062992887,0.009974063318682148,0.0,0.4528865057358638,11.483333333333333,1.1166666666666667,2.316666666666667,14.916666666666666,0.0
8479359,1.3060218494000106,0.3615871328732059,3.711796542266746,1.7236690042884466,11.6,1.2833333333333334,2.6166666666666667,15.5,0.0
8479361,0.6969492890235041,3.170093327079146,0.0,12.0,16.033333333333335,2.1666666666666665,1.15,19.35,0.0
8479369,5.0,0.0,0.0,8.20135581899773,7.516666666666667,0.5666666666666667,3.6666666666666665,11.75,0.0
8479371,2.365075387470015,2.2217440081166697,0.0,0.0,13.65,1.5666666666666667,2.783333333333333,18.0,0.0
8479372,2.662392912118201,0.0,0.0,0.0,13.233333333333333,0.0,0.0,13.233333333333333,0.0
8479378,0.9926693287557792,0.30523981775669073,0.0,0.10845198211344546,25.166666666666668,0.45,1.8333333333333333,27.450000000000003,0.0
8479385,0.1290697959371455,0.7832267493092272,0.0,6.021617306876428,18.016666666666666,1.5,1.6166666666666667,21.133333333333333,0.0
8479387,1.214751659183846,2.0471948727371574,0.0,0.0,17.566666666666666,1.15,1.6666666666666667,20.383333333333333,0.0
8479390,4.351434029687718,2.467616631381068,0.0,0.0,11.883333333333333,1.2333333333333334,1.9666666666666666,15.083333333333332,0.0
8479398,1.6342967718701862,0.8534588297345189,0.0,5.308450786327981,21.916666666666668,2.15,4.666666666666666,28.733333333333334,0.0
8479420,0.8066700358236201,0.42175374950565153,0.0,1.0956114723614823,9.766666666666667,0.8666666666666667,4.116666666666666,14.75,0.0
8479421,1.1943960322007054,0.7001237523171209,0.0,0.0,13.95,0.9333333333333333,0.5833333333333334,15.466666666666667,0.0
8479496,0.0,1.462887167674055,0.0,0.0,23.233333333333334,4.15,1.3833333333333333,28.76666666666667,0.0
8479525,1.6484844789050974,1.9094458107728098,0.0,0.0,23.71666666666667,2.65,7.016666666666667,33.38333333333333,0.0
8479638,3.9877169952802234,1.4235605478990074,0.0,10.799926223825512,31.35,0.8333333333333334,0.75,32.93333333333333,0.0
8479661,1.0657883570916742,0.6247372928458744,0.0,0.0,15.633333333333333,0.9333333333333333,0.5833333333333334,17.15,0.0
8479671,0.9850183286164935,0.3694228514244682,0.0,0.0,14.25,2.1,4.0,20.35,0.0
8479675,1.7618362089360495,1.1949363793984964,0.0,5.374758624088951,19.1,1.5333333333333334,2.716666666666667,23.35,0.0
8479941,0.6170951862736502,0.7557437266453658,0.0,0.008873903303295105,25.25,0.26666666666666666,2.3833333333333333,27.9,0.0
8479968,4.770086749072939,0.44227141829324484,0.0,0.0,18.316666666666666,0.65,1.9166666666666667,20.883333333333333,0.0
8479980,0.7140266900397327,0.053228473303558774,0.0,0.26674247583595373,29.2,2.6166666666666667,3.933333333333333,35.75,0.0
8479981,2.384293872435219,2.3766555640554117,1.2067957811862753,3.2219392685158033,14.633333333333333,0.7166666666666667,3.8333333333333335,19.183333333333334,0.0
8479982,0.6786971108976105,1.2705028570465682,0.0,0.0,18.383333333333333,0.0,0.0,18.383333333333333,0.0
8479983,0.4014447621669466,2.787440198103655,0.0,0.0,19.466666666666665,0.08333333333333333,0.4166666666666667,19.966666666666665,0.0
8479996,0.7261506576077201,1.2387973716877205,0.0,0.0,13.45,2.316666666666667,0.7,16.466666666666665,0.0
8479998,1.274781613610635,0.6878756924939128,0.0,5.153445033685289,23.583333333333336,2.916666666666667,2.8333333333333335,29.333333333333336,0.0
8480001,3.600744628533461,2.3716796871177928,0.0,0.0,15.05,0.75,0.3333333333333333,16.133333333333333,0.0
8480003,2.593572056728484,1.8572938980034923,11.34064583780018,2.091118745446696,27.4,1.25,6.466666666666667,35.11666666666667,0.0
8480009,2.643793348456661,0.394832730513217,0.0,0.3430901149104777,13.55,0.43333333333333335,2.8833333333333333,16.866666666666667,0.0
8480014,1.485986014207204,0.2516747539878909,0.0,0.0,17.55,0.0,0.0,17.55,0.0
8480023,0.7939584317868474,1.4377456664016208,0.0,4.635689514023917,32.05,1.8333333333333333,2.1,35.98333333333333,0.0
8480039,4.100758800069119,2.0850588256314606,0.0,0.0,30.65,3.7666666666666666,2.583333333333333,37.0,0.0
8480049,0.2859817803610206,0.18930521887769267,0.0,0.10845198211344546,14.35,0.45,1.8333333333333333,16.633333333333333,0.0
8480058,0.821968595448293,0.896526172168945,0.0,0.0,28.5,2.316666666666667,0.7,31.516666666666666,0.0
8480069,0.9159217321223085,3.5163692067788186,0.0,1.3515222358672934,19.016666666666666,6.6,11.266666666666666,36.88333333333333,0.0
8480084,0.3286205455980587,1.9045095810818566,0.0,0.0,11.65,0.0,0.0,11.65,0.0
8480144,0.7912694707444188,1.717455661791261,0.0,0.0,18.083333333333332,0.0,0.0,18.083333333333332,0.0
8480145,1.6677017188519365,0.2622211887820126,0.0,0.10845198211344546,14.6,0.45,1.8333333333333333,16.883333333333333,0.0
8480172,0.4890826099302277,4.23535669202926,0.0,7.860098257660863,11.116666666666667,0.5666666666666667,1.5,13.183333333333334,0.0
8480185,4.230603883159041,1.9432881876440402,11.092447489500044,0.1947591176584029,23.483333333333334,1.2,6.016666666666667,30.7,0.0
8480188,3.1824134408213975,0.8241722452964176,0.0,6.151381245125893,11.05,0.65,1.9166666666666667,13.616666666666667,0.0
8480281,0.06374318880918317,0.8889116963049523,0.0,2.4749867744364984,24.383333333333333,2.6166666666666667,3.933333333333333,30.933333333333334,0.0
8480336,3.6245996628185835,1.843612290383092,0.0,1.0886251098579822,22.483333333333334,2.033333333333333,2.7,27.21666666666667,0.0
8480355,4.245786825937727,1.0610059349357714,0.0,0.0,16.3,0.65,1.9166666666666667,18.866666666666667,0.0
8480448,1.786117411142474,0.4675332848532108,0.0,0.0,25.333333333333336,0.9666666666666666,2.783333333333333,29.083333333333332,0.0
8480727,0.7559786177702451,0.10879616574466368,0.0,0.0,13.233333333333333,1.5,1.6166666666666667,16.349999999999998,0.0
8480762,4.365130754508674,2.954344485799202,0.0,1.0886251098579822,12.283333333333333,2.033333333333333,2.7,17.016666666666666,0.0
8480789,3.501286260459734,0.8353168218444456,0.0,0.0,12.65,0.08333333333333333,0.4166666666666667,13.15,0.0
8480807,0.30788554452282313,1.4371997499548437,0.0,0.0,14.45,0.3,0.9333333333333333,15.683333333333334,0.0
8480829,2.781789144122504,2.461913608135731,0.0,0.0,18.45,0.0,0.0,18.45,0.0
8480830,3.746325499533021,0.4040474245560141,0.0,0.708262119666639,22.55,0.5666666666666667,4.15,27.26666666666667,0.0
8480835,1.7326997241271442,2.09132902596183,0.0,0.8644964107695743,23.366666666666667,3.283333333333333,3.4,30.05,0.0
8480848,0.2986527916352102,4.597133117959015,0.0,7.860098257660863,13.3,0.5666666666666667,1.5,15.366666666666667,0.0
8480849,0.158679900320811,2.2513923160724207,0.0,0.0,10.233333333333333,0.45,1.8333333333333333,12.516666666666666,0.0
8480855,0.02546889790848119,0.3090699758457101,0.0,0.0,20.1,0.45,1.8333333333333333,22.383333333333336,0.0
8480865,0.5069901466261517,0.5652353126992625,3.2897657155990587,2.9796835944408504,27.566666666666666,2.25,6.35,36.166666666666664,0.0
8480891,0.2727396246762526,0.6803285885734401,0.0,0.0,40.28333333333333,1.75,2.3,44.33333333333333,0.0
8480893,1.617472676824533,1.0765511787473945,0.0,0.0,9.633333333333333,1.5666666666666667,3.2666666666666666,14.466666666666667,0.0
8480980,1.9268044266727393,2.617565166904592,0.0,4.118615932814814,22.333333333333332,1.2333333333333334,1.9666666666666666,25.53333333333333,0.0
8480990,1.1341675956902555,1.518799820616576,0.0,0.0,14.05,2.8666666666666667,5.3,22.21666666666667,0.0
8480995,0.8260738013252134,0.4168533509777437,0.0,0.0,12.916666666666666,0.4,0.4,13.716666666666667,0.0
8481006,0.04616880434994871,0.6972078767991085,0.0,0.0,19.183333333333334,0.05,1.1,20.333333333333332,0.0
8481014,0.9966708986882667,1.2415660122238779,0.0,0.0,12.55,1.8666666666666667,1.1333333333333333,15.55,0.0
8481122,0.8893166404606686,0.5357567943743802,0.0,12.0,10.05,1.2833333333333334,0.45,11.783333333333335,0.0
8481161,0.4443437296599715,0.694300515131012,0.0,0.0035948106866039655,35.06666666666667,1.4666666666666666,5.883333333333334,42.41666666666667,0.0
8481186,1.3878317768959436,1.1733232213713016,0.0,0.4418226423477144,19.55,3.3666666666666667,6.883333333333334,29.8,0.0
8481237,0.3295745047614974,0.5894698658288652,12.0,4.73024770617485,26.433333333333334,0.36666666666666664,4.0,30.8,0.0
8481481,2.3274452217635653,3.190176297884497,0.0,4.118615932814814,29.55,1.2333333333333334,1.9666666666666666,32.75,0.0
8481519,1.014962389709098,5.0,0.0,3.505177287122218,20.216666666666665,1.9666666666666666,7.116666666666666,29.299999999999997,0.0
8481522,1.4358978584827897,1.5850249464713058,0.0,1.186912428391606,17.183333333333334,1.2666666666666666,3.8,22.25,0.0
8481524,0.4888403733119353,1.6154213044734624,0.0,1.792159163399246,16.116666666666667,0.5666666666666667,2.5166666666666666,19.2,0.0
8481528,0.5802973197854079,0.7037238323170204,0.0,0.0,7.666666666666667,0.43333333333333335,2.8833333333333333,10.983333333333334,0.0
8481532,1.792437598010562,1.5057813451896693,0.0,1.1630833269663816,17.616666666666667,1.7,1.1,20.416666666666668,0.0
8481554,1.6059666519951163,3.281633086195717,0.0,2.5290134762014658,15.783333333333333,1.1833333333333333,2.1,19.066666666666666,0.0
8481557,4.198712057927075,0.16332685947418163,0.0,0.0,4.25,2.4833333333333334,5.866666666666666,12.6,0.0
8481567,0.7474669436635697,2.8837338864671445,0.0,2.88738303342644,22.6,0.65,4.083333333333333,27.333333333333336,0.0
8481577,3.2587424946161447,2.0737212368468834,0.0,8.836303274039054,26.016666666666666,1.6833333333333333,0.9166666666666667,28.616666666666667,0.0
8481582,0.8537110402470541,1.4829255569548834,0.0,0.0,15.75,0.0,0.0,15.75,0.0
8481598,0.0,0.9014206400875565,0.0,0.0,11.116666666666667,0.5,1.1,12.716666666666667,0.0
8481601,2.240896973703882,1.1513537034539165,12.0,7.775749653986056,13.533333333333333,0.36666666666666664,2.433333333333333,16.333333333333332,0.0
8481604,1.4929542321610312,0.7134093584108678,0.0,0.0,34.266666666666666,1.55,0.5166666666666667,36.333333333333336,0.0
8481624,3.559824956049654,0.764597437497395,0.0,0.0,11.166666666666666,0.9166666666666666,0.6166666666666667,12.7,0.0
8481641,1.9286016869701503,1.2793436562050235,0.0,0.0,23.616666666666667,1.25,4.5,29.366666666666667,0.0
8481668,1.4176129688722945,5.0,0.0,4.991415837636879,17.283333333333335,1.2333333333333334,2.2333333333333334,20.750000000000004,0.0
8481704,0.06035992632741496,1.4051511883735655,0.0,0.5631875039802655,11.5,3.0,5.4,19.9,0.0
8481716,1.9585406899271405,0.3193696036076039,0.0,0.0,16.483333333333334,2.25,4.166666666666667,22.900000000000002,0.0
8481719,1.841343273758417,0.4022621766851823,0.0,0.0,16.866666666666667,0.0,0.0,16.866666666666667,0.0
8481726,3.2513301820030316,2.670908551722939,0.0,0.0,23.0,1.2333333333333334,1.9666666666666666,26.2,0.0
8481806,0.7516046115305535,3.370658573369647,0.0,0.0,21.5,1.0166666666666666,3.4166666666666665,25.933333333333334,0.0
8482055,0.22681764487562484,0.20250237193600884,0.0,0.0,7.25,2.316666666666667,0.7,10.266666666666667,0.0
8482070,0.0,0.35713386161590793,0.0,0.0,12.216666666666667,0.6666666666666666,0.45,13.333333333333334,0.0
8482073,2.428279031370963,2.621715374477314,0.0,0.0,26.033333333333335,1.2333333333333334,1.9666666666666666,29.233333333333334,0.0
8482077,0.4444913857475339,0.9354866133959238,0.0,0.0,52.016666666666666,0.7833333333333333,1.0166666666666666,53.81666666666666,0.0
8482079,1.9816812346963315,0.5226070255175973,0.0,0.0,11.05,0.45,0.8666666666666667,12.366666666666667,0.0
8482089,1.6052917748670998,0.792501588935995,0.0,0.0,13.316666666666666,1.0666666666666667,1.2166666666666666,15.6,0.0
8482093,3.7811575353006335,0.1339389644476155,0.0,0.0,14.266666666666667,0.0,2.0833333333333335,16.35,0.0
8482097,0.381187730544322,1.4167002777795532,0.0,1.208107293184313,15.416666666666666,1.2666666666666666,3.7333333333333334,20.416666666666664,0.0
8482109,3.0132970209654726,2.671364407072195,0.0,0.0,23.0,1.2333333333333334,2.2333333333333334,26.46666666666667,0.0
8482117,4.264896165518264,0.21285452970203098,0.0,0.0,9.116666666666667,1.4666666666666666,1.4833333333333334,12.066666666666666,0.0
8482122,1.5946430333563753,0.9643371112613754,0.0,0.0,28.116666666666667,3.1333333333333333,6.516666666666667,37.766666666666666,0.0
8482124,2.066472508009146,1.6185470424780406,0.0,1.4802262150865149,42.666666666666664,6.5,9.0,58.166666666666664,0.0
8482137,0.546027757323806,4.7808237903947814,0.0,3.401004053795566,25.766666666666666,0.65,3.466666666666667,29.883333333333333,0.0
8482149,1.714654902246801,0.10590158564888909,0.0,0.10845198211344546,15.333333333333334,0.45,1.8333333333333333,17.616666666666667,0.0
8482155,3.3876676351845623,2.442690007007553,0.0,1.7886352820177716,11.966666666666667,2.2333333333333334,3.466666666666667,17.666666666666668,0.0
8482157,2.585158755152714,2.5897067374794354,0.0,0.0,21.566666666666666,1.2333333333333334,1.9666666666666666,24.766666666666666,0.0
8482175,0.30525076677141993,0.12956855882341473,0.0,0.0,8.283333333333333,0.3,2.066666666666667,10.65,0.0
8482176,1.2814100235632313,3.0235609185071963,0.0,3.5954702486307606,24.71666666666667,0.5333333333333333,4.983333333333333,30.233333333333334,0.0
8482221,1.0938878071848108,1.9149234783202929,1.8439247339002545,0.8673590822861735,23.916666666666668,2.5833333333333335,5.2,31.700000000000003,0.0
8482451,1.6437236997711508,0.47499568779257273,0.0,0.0,26.333333333333332,0.26666666666666666,0.3333333333333333,26.933333333333334,0.0
8482460,4.445005212232068,2.795170420344201,0.0,0.0,13.966666666666667,1.2333333333333334,1.9666666666666666,17.166666666666668,0.0
8482511,4.725503021261689,0.44977196988520635,0.0,0.0,16.483333333333334,0.5666666666666667,1.5,18.55,0.0
8482659,0.10849605656679061,1.668008445930109,0.0,0.0,14.966666666666667,0.45,1.0,16.416666666666668,0.0
8482660,1.7546599675523171,2.3492462933063507,0.0,0.0,15.15,1.2,3.5,19.85,0.0
8482665,0.19632796870499122,2.7713146560439252,0.0,1.8744452823610862,5.466666666666667,2.15,2.8333333333333335,10.45,0.0
8482703,2.064305867772963,1.7279520011026146,0.0,2.742463276379075,26.666666666666664,2.183333333333333,6.533333333333333,35.38333333333333,0.0
8482705,1.8186840484664268,0.7095171964834595,0.0,0.008873903303295105,14.616666666666667,0.26666666666666666,2.3833333333333333,17.266666666666666,0.0
8482713,3.666190725636641,1.0768725840796678,1.2067957811862753,3.1668633835839093,15.066666666666666,0.7166666666666667,3.9,19.683333333333334,0.0
8482726,1.0976771046863312,0.1671252026026232,0.0,0.0,16.516666666666666,2.316666666666667,0.7,19.53333333333333,0.0
8482730,1.419562348026423,1.8850298221652253,0.0,6.220690362722579,9.05,3.25,1.6166666666666667,13.916666666666666,0.0
8482758,3.431957393045366,3.9221502099496997,0.0,12.0,12.133333333333333,0.75,0.3333333333333333,13.216666666666667,0.0
8482807,1.7553889992263065,2.9114555013404133,0.0,3.348346088593259,22.933333333333334,1.6166666666666667,7.45,32.0,0.0
8482809,1.9941767648754523,2.2092721586068165,0.0,0.0,15.033333333333333,0.3,2.0833333333333335,17.416666666666668,0.0
8482858,2.231468251465182,0.7981858284849865,0.0,0.659495443105696,9.5,0.7333333333333333,1.5,11.733333333333334,0.0
8483431,0.28127294822330895,0.453453030255385,0.0,0.0,13.7,0.45,1.0666666666666667,15.216666666666667,0.0
8483432,1.0881016420763592,2.7589985537667605,0.0,0.0,12.9,1.2,3.5,17.6,0.0
8483447,1.333661519453132,0.46205855229708814,0.0,0.0,11.016666666666667,0.0,0.0,11.016666666666667,0.0
8483448,0.47735631465911865,0.8537892303238175,0.0,0.0,18.25,0.9333333333333333,0.5,19.683333333333334,0.0
8483460,0.38496116875659797,1.632015678015622,0.0,0.0,12.65,1.1,0.9166666666666666,14.666666666666668,0.0
8483468,3.1936813197560854,0.2962106345827702,0.0,4.586712435140443,15.616666666666667,1.1333333333333333,0.9833333333333333,17.733333333333334,0.0
8483493,2.75010514826729,2.4482494326184807,0.0,0.0,27.683333333333334,2.2333333333333334,1.3333333333333333,31.25,0.0
8483503,0.6831951470168167,1.692694106162333,0.0,0.0,12.1,0.9333333333333333,0.5833333333333334,13.616666666666667,0.0
8483505,1.121723157918359,1.1892301771115128,0.0,0.0,10.583333333333334,0.0,0.0,10.583333333333334,0.0
8483506,2.098847377924806,2.300190436382582,0.0,5.119264782574274,9.133333333333333,0.26666666666666666,3.5,12.9,0.0
8483553,1.015155165973349,0.6496867319003335,5.0467996773394646,3.2160324347930986,23.983333333333334,1.4666666666666666,5.883333333333334,31.333333333333336,0.0
8483690,3.313481291310523,2.203762491429803,0.0,0.0,28.116666666666667,1.2333333333333334,1.9666666666666666,31.316666666666666,0.0
8483808,4.018264204963165,2.3403601129545426,0.0,7.869641600588244,12.683333333333334,3.316666666666667,3.1333333333333333,19.133333333333333,0.0
8484144,1.1363517317019807,3.2788121205341025,0.0,2.7563732994496997,26.03333333333333,1.5499999999999998,9.05,36.63333333333333,0.0
8484145,3.1211683899164195,0.5990552376298341,0.0,1.4549249122219685,8.5,1.2666666666666666,3.1,12.866666666666667,0.0
8484149,2.267092282486575,0.3997779256196196,0.0,0.0,6.566666666666666,1.5333333333333334,2.716666666666667,10.816666666666666,0.0
8484166,1.1077004824698817,0.3742376042273937,0.0,0.003810715232345946,14.066666666666666,1.2,5.55,20.816666666666666,0.0
8484227,1.2920929024193275,2.6228223892730727,0.0,0.0,12.116666666666667,0.0,0.0,12.116666666666667,0.0
8484258,2.2711355740365797,1.9107475914773293,0.0,0.0,6.1,1.5333333333333334,2.716666666666667,10.35,0.0
8484783,2.150470686308377,3.0970550186656944,0.0,3.6955819792621902,19.933333333333334,1.25,6.75,27.933333333333334,0.0
8484801,0.7645643968135116,2.8609847969242503,0.0,2.88738303342644,21.0,0.65,4.083333333333333,25.733333333333334,0.0
8484839,2.533719877757536,2.6569734298184744,0.0,2.798534402691807,36.13333333333333,1.2333333333333334,3.9833333333333334,41.35,0.0
8484929,5.0,0.4053687218290108,0.0,1.410858142375945,8.666666666666666,0.5666666666666667,2.0833333333333335,11.316666666666666,0.0
8484976,1.713043547659855,0.43925898346736153,0.0,0.0,15.433333333333334,0.0,0.0,15.433333333333334,0.0
8485414,4.729187935334955,1.7455189068956418,0.0,0.0,11.516666666666667,0.0,0.0,11.516666666666667,0.0
