player_id,shooting_talent_multiplier,observed_ratio,total_shots,total_goals,total_xG
8470613.0,1.0166894325454037,1.4628034640333267,108.0,4.0,2.734475340228528
8470621.0,0.9714159336675168,0.7496451241686998,77.0,7.0,9.337751656508772
8471214.0,1.0405174860252429,1.3168481325586059,140.0,14.0,10.631446143146604
8471215.0,1.017590573158223,1.1661219394392195,91.0,10.0,8.57543251849711
8471675.0,1.1112144105073676,1.9144058128333912,99.0,20.0,10.447105763014406
8471685.0,0.9865956017109812,0.8489982498950881,67.0,6.0,7.067152377218008
8471724.0,0.9825182559856059,0.5997234962353832,71.0,2.0,3.3348701735958457
8473419.0,1.0862981101576898,1.6834331283542003,131.0,18.0,10.692435414763168
8473512.0,0.9903656317723288,0.8426243105925543,63.0,4.0,4.747074051527306
8473533.0,1.038461661759869,1.442889092381451,66.0,10.0,6.93053960474208
8473604.0,0.9464044800109671,0.41017266255667406,63.0,3.0,7.313993042102084
8473986.0,0.9432278031631036,0.30600356296967657,77.0,2.0,6.535871610743925
8474037.0,0.9833428841976716,0.854652260499633,70.0,8.0,9.360532195074484
8474102.0,0.983226393172683,0.6985220235923688,52.0,3.0,4.294782266952097
8474141.0,0.9788491388133534,0.7487355380851893,92.0,5.0,6.6779253096319735
8474150.0,1.0003923407072854,1.0061356240836554,87.0,5.0,4.9695089611341245
8474564.0,0.9980792364577483,0.981030099875512,93.0,8.0,8.154693725518882
8474574.0,0.9857806313534416,0.4831527591023784,56.0,1.0,2.0697387754917145
8474578.0,0.9628997794275637,0.2590806941366844,105.0,1.0,3.859801299870014
8474586.0,0.9877116672873367,0.8990566765955733,105.0,9.0,10.010492368601263
8474590.0,1.012469836749266,1.1928981570891584,91.0,6.0,5.029767180327326
8474600.0,0.995018569360772,0.8417990339267858,53.0,2.0,2.3758639763109386
8474641.0,0.9416380386578331,0.29973112948512115,67.0,2.0,6.67264692671597
8474716.0,0.9797234505358773,0.39452832529467496,51.0,1.0,2.5346722551621497
8475149.0,1.0329631992536752,1.408823288307173,64.0,9.0,6.3883100703242235
8475151.0,0.9579417006938721,0.667130029386082,101.0,7.0,10.492707106051967
8475158.0,1.0220689060612953,1.1957126843592232,72.0,11.0,9.19953442318365
8475166.0,0.9843410252515346,0.9059587403861544,123.0,13.0,14.349439351353794
8475167.0,0.9759516480338425,0.0,56.0,0.0,1.8059470648877323
8475169.0,0.961380241120689,0.6155372924085609,118.0,5.0,8.12298468616791
8475170.0,1.0073414102587086,1.079112930693784,72.0,8.0,7.413496560417116
8475171.0,1.0201903534062657,1.6174997079585807,68.0,4.0,2.4729525330476463
8475172.0,0.9636548128333885,0.7251650181544809,148.0,8.0,11.03197175776586
8475184.0,1.0419293266323624,1.3607853364666178,83.0,13.0,9.553306940943003
8475188.0,0.9746726844076347,0.0,51.0,0.0,1.9045588290318847
8475200.0,0.9805414334860872,0.0,56.0,0.0,1.4543716222979128
8475218.0,0.9666225823831315,0.4355388489841058,92.0,2.0,4.59201287018368
8475279.0,1.0362930957695695,3.1150694375424894,52.0,4.0,1.284080525394529
8475287.0,0.9910753346426896,0.8772702145433608,64.0,5.0,5.699498190078884
8475314.0,0.8860924883553406,0.3657962242615675,128.0,6.0,16.40257499134168
8475692.0,0.9955120835955065,0.897558088915847,51.0,3.0,3.3424020540260244
8475722.0,1.0074500946504596,1.0647741720366326,71.0,10.0,9.391662816982716
8475726.0,0.9967623758585461,0.9644300410537613,92.0,7.0,7.25817291252315
8475745.0,0.9945728091836455,0.9416648449596347,66.0,7.0,7.433642699383199
8475753.0,1.0346691656263625,1.793890505471896,79.0,6.0,3.3446857440285385
8475754.0,1.042118151216574,1.4453997352066752,74.0,11.0,7.610351470299065
8475760.0,0.9936056168208153,0.8900089192700236,61.0,4.0,4.494336981792003
8475764.0,0.997889016778365,0.9264100258201478,62.0,2.0,2.1588712818920612
8475765.0,0.9746417606639126,0.603036198080963,59.0,3.0,4.974825739394873
8475768.0,1.020770691649146,1.2582200417894487,69.0,8.0,6.358188340906054
8475791.0,0.9801603208199656,0.7905456906778707,75.0,6.0,7.5896941451355815
8475794.0,1.0201301904990137,1.290201335573139,58.0,7.0,5.425509807653725
8475799.0,1.0023367701252583,1.0272085271252795,59.0,7.0,6.814585174433887
8475810.0,0.9681017391722403,0.7707293812618159,113.0,9.0,11.677250431617722
8475842.0,0.9597701867162832,0.24316911390529328,51.0,1.0,4.112364370375872
8475848.0,0.9314628746343121,0.15384479007134688,66.0,1.0,6.500057619996369
8476292.0,0.9668341796886628,0.4371613965787694,55.0,2.0,4.574969372071791
8476312.0,0.9930149465807403,0.7911363523347663,58.0,2.0,2.528009228873998
8476372.0,0.9794291231990869,0.0,58.0,0.0,1.5392486746422946
8476374.0,0.9696261648846796,0.45967473343070064,69.0,2.0,4.350902615580708
8476399.0,0.9827124230556746,0.8498952763409152,98.0,8.0,9.412924418691546
8476422.0,0.9878121592192868,0.5221641650786928,56.0,1.0,1.91510652564466
8476429.0,0.9789511984256717,0.0,51.0,0.0,1.575780832208693
8476432.0,0.9785475030713031,0.6432470359976166,51.0,3.0,4.663838046835735
8476438.0,0.946798008922478,0.1929711844440028,64.0,1.0,5.18212085851701
8476441.0,1.0058113454806052,1.2774734030376869,62.0,2.0,1.5655903248116374
8476453.0,1.0530475494221703,1.4998730116472092,149.0,13.0,8.66740043926984
8476455.0,0.9568217386919788,0.5875172277093919,96.0,5.0,8.510388741269708
8476456.0,0.9778469768850274,0.771277490534697,67.0,6.0,7.779301319736987
8476459.0,0.9830242221027717,0.8847030019639341,139.0,11.0,12.433551118941978
8476460.0,1.0705345327772622,1.5825694365219063,108.0,16.0,10.110140908043832
8476461.0,1.0039791747763014,1.0657089776790674,54.0,5.0,4.691712376195937
8476462.0,1.0072897919337929,1.1617334830807204,99.0,4.0,3.443130509927869
8476468.0,0.9601089946285758,0.7053805679031533,105.0,8.0,11.341395501978695
8476469.0,1.0379017154759564,1.7195385214834709,55.0,7.0,4.070859659463167
8476479.0,0.9353007998653935,0.0,59.0,0.0,5.104401978198439
8476480.0,0.9990654637435887,0.9878920353834711,64.0,6.0,6.073538185446523
8476539.0,0.990416240457596,0.8875511242372601,79.0,6.0,6.760173961985856
8476826.0,0.9889820419198034,0.8524728433411111,65.0,5.0,5.865289479959756
8476853.0,1.0109024696653928,1.2018824660848286,101.0,5.0,4.160140563733876
8476869.0,0.977032238949068,0.3645385624070857,73.0,1.0,2.743194007780403
8476875.0,1.0171678802712947,1.4822161132339777,61.0,4.0,2.6986617972142994
8476880.0,1.068774435058164,1.5185129686512597,103.0,17.0,11.195162867195904
8476881.0,0.9787963758321824,0.882868954019754,123.0,14.0,15.857393032405525
8476882.0,1.0245302195599695,1.4603726545863125,55.0,6.0,4.108540365472436
8476885.0,1.0257442399868995,1.645500157673064,78.0,5.0,3.0385898030363023
8476887.0,0.989301254829384,0.9184314953951456,137.0,10.0,10.888128347229213
8476891.0,0.9846828247644536,0.0,55.0,0.0,1.1401202669367194
8476892.0,0.9711271586241536,0.0,60.0,0.0,2.179452197160572
8476905.0,1.0297714719111595,1.616116934529609,53.0,6.0,3.7126026414334774
8476906.0,1.0080380015781656,1.2534954776644829,64.0,3.0,2.39330739795696
8476917.0,0.9728612618719991,0.3258528262193595,90.0,1.0,3.0688701141625643
8476921.0,0.9564080299369915,0.5329371623424992,73.0,4.0,7.5055752960033715
8476923.0,0.9819423447951459,0.5917785483051874,62.0,2.0,3.3796426141634583
8477220.0,0.9844300849528672,0.46021611209838215,62.0,1.0,2.1728921993635595
8477346.0,0.9782284404553345,0.3773077250448857,97.0,1.0,2.6503565488383174
8477402.0,0.9611491654378936,0.6140610097867882,83.0,5.0,8.142513399012387
8477404.0,0.9724858682850802,0.8441258058769271,114.0,13.0,15.400548010133207
8477407.0,0.9960950230549739,0.9299730834666264,58.0,4.0,4.301199756329879
8477409.0,1.0026886462364906,1.0277033422338333,91.0,8.0,7.784347555600107
8477416.0,0.9413656360602032,0.2986791644464262,88.0,2.0,6.696148369461298
8477425.0,1.0174500792854893,1.2089706323972194,55.0,8.0,6.617199612315744
8477429.0,0.9601110205130241,0.4872299035267553,62.0,3.0,6.157257545739412
8477444.0,1.0222362577261659,1.329920834792787,52.0,7.0,5.263471190817654
8477446.0,0.9572076036569003,0.23144363495891343,50.0,1.0,4.320706422440708
8477447.0,0.9996403679967529,0.9944376023359507,99.0,5.0,5.027967554982752
8477451.0,0.9697770334532395,0.6256414603817657,87.0,4.0,6.393438180326484
8477456.0,0.9865343924509069,0.7923913526970213,54.0,4.0,5.048010665923357
8477476.0,0.970698500747558,0.8144119734500221,117.0,11.0,13.50667765038088
8477479.0,1.0947843283121983,1.964446323276457,88.0,16.0,8.14478859025985
8477492.0,1.118775507003946,1.7447260362604604,195.0,25.0,14.32889719097875
8477494.0,0.9534081814979192,0.4465930903801391,70.0,3.0,6.717524441424757
8477495.0,1.0218050386676818,1.4996507235542602,95.0,5.0,3.3341096839867532
8477496.0,1.004311708071247,1.0715716346911868,52.0,5.0,4.666043629869819
8477497.0,0.966989360595443,0.6533898443703016,77.0,5.0,7.65239931884571
8477498.0,1.0231338786094835,1.5459491283363485,99.0,5.0,3.2342590764164925
8477500.0,1.096482365352816,1.62514927197226,161.0,22.0,13.53721801401116
8477501.0,1.007718405846719,1.0834862252881718,75.0,8.0,7.3835733332671225
8477503.0,0.9848400888163501,0.7197097174754232,64.0,3.0,4.16834721993655
8477504.0,1.0292846061889875,1.8023435443836102,77.0,5.0,2.7741658994928002
8477506.0,0.9803210123354783,0.0,54.0,0.0,1.471175052691251
8477507.0,0.9770065886752489,0.3642738510761307,63.0,1.0,2.745187438093126
8477511.0,1.0362150030618646,1.4665856557761667,71.0,9.0,6.136702595278621
8477839.0,0.9469209415367241,0.19335628332235213,66.0,1.0,5.171799865085632
8477932.0,0.9747325877783044,0.3421878884439728,63.0,1.0,2.9223711118102074
8477933.0,0.9929337311387425,0.9605026002882796,135.0,15.0,15.616823937278241
8477934.0,1.1105098515461518,1.9801784309413581,121.0,19.0,9.59509491827339
8477935.0,0.9644238766407366,0.7047719630862267,97.0,7.0,9.932290679309517
8477939.0,1.078663180258159,2.1016272438428385,88.0,12.0,5.709861268289387
8477940.0,0.9815207401024415,0.8022854316049812,125.0,6.0,7.478635113686323
8477942.0,1.008472010137575,1.0678291545659815,146.0,11.0,10.301273338496685
8477946.0,1.022966528435329,1.1407272048147947,145.0,16.0,14.026140458881855
8477948.0,0.9884552376424641,0.6953070181360247,64.0,2.0,2.876427172217518
8477949.0,1.003659428641558,1.0261981789292192,135.0,12.0,11.693647724576294
8477950.0,0.9838336499374554,0.45074707278502857,75.0,1.0,2.218539088498801
8477951.0,1.012048468242757,1.0989821572461735,102.0,11.0,10.009261685889214
8477956.0,1.049150946391087,1.4964876172114467,143.0,12.0,8.01877667545341
8477960.0,1.0517656441873566,1.4824682291942686,140.0,13.0,8.769159260205925
8477964.0,1.0404940695596425,1.4215893564585071,69.0,11.0,7.737818203284405
8477986.0,1.0250757980542022,1.475212209143293,99.0,6.0,4.067211457993835
8477987.0,1.0021917713055122,1.020156760918108,96.0,9.0,8.822173556836788
8477989.0,0.9812307722788713,0.8216666715954288,67.0,7.0,8.519269725773484
8477998.0,1.0064995061172344,1.1117248097367922,50.0,5.0,4.497515892609954
8478010.0,0.9667176966074095,0.6019853607628354,71.0,4.0,6.644679855555296
8478020.0,1.0043369852346593,1.0600165544847953,63.0,6.0,5.660288959275931
8478038.0,0.9681036801384435,0.2903406764354263,81.0,1.0,3.4442297657951713
8478042.0,1.014489034629358,1.1941630009119097,92.0,7.0,5.861846326384693
8478047.0,1.0013312911576846,1.015335389515511,83.0,7.0,6.894273628480732
8478055.0,0.9918831986355973,0.6222372839593954,51.0,1.0,1.607103955000639
8478109.0,0.9870833176249791,0.8537480794359201,86.0,6.0,7.027834257576615
8478178.0,1.033788081569197,1.7591509353561392,86.0,6.0,3.410736327059567
8478233.0,0.9776635357588621,0.6951650567997347,52.0,4.0,5.75402914872393
8478366.0,0.958654771011396,0.47784867400720243,75.0,3.0,6.278138170484453
8478396.0,0.9994722399974738,0.980553802624084,79.0,2.0,2.039663702948019
8478397.0,1.023633885773586,1.35759308781954,120.0,7.0,5.156184178311378
8478398.0,1.050959436819949,1.4300524686816491,137.0,14.0,9.789850587025285
8478401.0,0.9891984009245443,0.9011864365833343,82.0,8.0,8.877186423633248
8478402.0,1.0375418554618425,1.2492774263235638,141.0,16.0,12.807403434067965
8478403.0,1.0399359599272149,1.3110391180474694,161.0,14.0,10.678552460623905
8478407.0,1.0137357040120596,1.3531321522769402,79.0,4.0,2.9561044671572745
8478414.0,0.9745161420593877,0.8351598560205667,150.0,11.0,13.171131156152114
8478420.0,1.0493493522112929,1.3790662207338635,121.0,15.0,10.876925106626004
8478427.0,0.998086413744213,0.9844898127172862,125.0,10.0,10.157545431982726
8478438.0,0.9977714779786884,0.9664461335426081,63.0,5.0,5.173594085033983
8478439.0,1.0362713171084066,1.4676259541046806,89.0,9.0,6.132352712098509
8478440.0,1.00879373168232,1.1100439549177825,65.0,7.0,6.306056592613459
8478444.0,1.004019628391839,1.0340397029192165,106.0,10.0,9.670808549970388
8478445.0,1.0136052823325226,1.1382769771417651,113.0,9.0,7.906687195412815
8478449.0,0.9931993897118204,0.9417878851168975,87.0,9.0,9.556291965767741
8478458.0,1.0378633157951849,1.433248781796634,83.0,10.0,6.9771557645872235
8478460.0,1.0325008923806067,1.4009632751071819,163.0,9.0,6.4241512678563595
8478463.0,0.9824545467661144,0.8479629513703641,92.0,8.0,9.434374446514994
8478474.0,0.9797575724742954,0.8100923959147613,88.0,7.0,8.640989639330655
8478483.0,1.006637282304816,1.0810329667463985,92.0,7.0,6.475288187619299
8478493.0,0.9565962945790525,0.5861893004216446,126.0,5.0,8.52966779912822
8478498.0,0.9477710166441238,0.6671644556275654,121.0,9.0,13.489927294664085
8478500.0,1.0019997903821778,1.039891848070909,91.0,4.0,3.8465538579039276
8478508.0,0.9552145061969877,0.45693027353598126,69.0,3.0,6.565553157124668
8478519.0,0.9816938500087595,0.8559680544916626,80.0,9.0,10.514411084353924
8478542.0,1.009672878670415,1.1066946740024712,91.0,8.0,7.228732719086111
8478550.0,1.0344548975089927,1.3805986607848006,138.0,10.0,7.243234608322382
8478856.0,0.9814896158513977,0.8020133376520189,100.0,6.0,7.481172342551872
8478859.0,0.9674516064284406,0.0,59.0,0.0,2.4668704043142498
8478864.0,1.0859038383054778,1.6302963158350892,157.0,19.0,11.654323091730475
8478873.0,0.9968895174317078,0.9769810497435655,123.0,11.0,11.259174374863505
8478874.0,1.0254600933795108,1.3954556782445662,58.0,7.0,5.016282572876662
8478882.0,1.048983322793263,2.6331215777389323,63.0,6.0,2.2786642480641603
8478911.0,0.9862917073678841,0.49242219082928446,60.0,1.0,2.0307776916306466
8478970.0,0.9816190415048035,0.0,53.0,0.0,1.3723365552723408
8478975.0,0.9613422739411457,0.3983869220197042,61.0,2.0,5.020245117135346
8479318.0,1.0244189348281705,1.1718493983828684,137.0,14.0,11.946927667770069
8479323.0,1.006911758006951,1.2107345026618082,83.0,3.0,2.4778347304090858
8479325.0,0.9716682194182601,0.0,53.0,0.0,2.1373552069999278
8479337.0,1.0023449315818145,1.0145501110653126,160.0,14.0,13.799219819018617
8479343.0,1.016033705190766,1.1356839669439867,128.0,11.0,9.68579316092655
8479345.0,1.0347040773731213,1.3424644522154263,160.0,11.0,8.193885493092239
8479351.0,0.9735058040863356,0.6568492233507165,57.0,4.0,6.089677596930414
8479353.0,1.012789285112345,1.1987619690518678,54.0,6.0,5.005163789726794
8479359.0,0.976298770039236,0.6195074725619472,52.0,3.0,4.842556599993259
8479369.0,0.9956023894020181,0.7531203446068147,59.0,1.0,1.3278090376406908
8479378.0,1.0308062779491145,2.3712863830375377,63.0,4.0,1.6868481296114624
8479385.0,1.0016783909008107,1.0171310905005446,107.0,8.0,7.865259527228773
8479407.0,0.9961164488347065,0.9576103341916791,100.0,7.0,7.309862634167075
8479410.0,1.0044744378319919,1.0936747445303907,94.0,4.0,3.65739450417459
8479420.0,1.0541292637322166,1.398160446175677,166.0,16.0,11.443607951980084
8479425.0,0.9961182008152109,0.8723707986793708,67.0,2.0,2.292603102978319
8479525.0,0.9500672214662048,0.5498676032069546,108.0,5.0,9.093097994569689
8479542.0,1.0509284410656994,1.3426519772968135,145.0,17.0,12.661508929682896
8479591.0,0.9917120122897621,0.8850799779277548,93.0,5.0,5.64920699223876
8479619.0,0.9615912006918701,0.5657759723722442,91.0,4.0,7.0699361502192914
8479661.0,0.9620793280332888,0.5004510528510508,58.0,3.0,5.994592244154774
8479671.0,0.9816324269965594,0.6787187134823243,50.0,3.0,4.420093243941665
8479675.0,1.0019585692834574,1.0262948647492003,84.0,6.0,5.846273041097447
8479982.0,0.9839079878448782,0.0,55.0,0.0,1.1987076150253415
8479983.0,0.9931494462419598,0.6614649732877527,53.0,1.0,1.5117958476766944
8479987.0,1.1407271078592855,2.2787213882939685,112.0,22.0,9.654537019319832
8480002.0,1.0037472889655554,1.0316681694023617,97.0,10.0,9.693039192818105
8480009.0,0.999134816345445,0.9867162431420575,70.0,5.0,5.067312953193323
8480012.0,0.9858343285989276,0.8739191527243599,96.0,8.0,9.154164861887693
8480014.0,1.0363329767848515,1.2760866469272196,100.0,14.0,10.97104184399359
8480015.0,1.008719780142551,1.0847975067375875,102.0,9.0,8.296479245298542
8480018.0,0.9850990524621743,0.8681538097339451,114.0,8.0,9.214956969954073
8480023.0,1.0270717325429772,1.5320796035113882,56.0,6.0,3.9162455960176885
8480027.0,1.0638252952843077,1.3473078310722697,175.0,22.0,16.328859294531867
8480028.0,1.0130571632331737,1.1320367116780639,78.0,9.0,7.950272201560438
8480036.0,1.0259875199951258,1.5006725772208145,92.0,6.0,3.9982072645798326
8480039.0,1.0664238280034695,1.5791072559848927,109.0,15.0,9.499038107227534
8480069.0,1.053845505950886,1.742149067438168,144.0,10.0,5.740036938805133
8480113.0,0.9576499395090222,0.5404925509463895,67.0,4.0,7.4006570358760655
8480145.0,0.99291890095306,0.6539659662075681,73.0,1.0,1.5291315629146993
8480185.0,0.9763248840115394,0.6197737531092096,51.0,3.0,4.840476036537439
8480188.0,1.0122098827469788,1.1591040467379874,78.0,7.0,6.03914723591879
8480208.0,1.0556770385738505,1.5368369416345373,98.0,13.0,8.458932530716993
8480220.0,0.9862584309587099,0.8634806754764897,71.0,7.0,8.106724561192095
8480289.0,0.9946947266026056,0.8810411006515133,52.0,3.0,3.405062485486269
8480336.0,0.9974363604936256,0.9529480062274335,107.0,4.0,4.197500780588598
8480355.0,0.9812619441146069,0.8000280394546665,74.0,6.0,7.499737139325589
8480448.0,1.0148278869286949,1.2375144954767412,55.0,6.0,4.848428056342527
8480459.0,0.9814374712253473,0.8233141347062595,71.0,7.0,8.502222547773272
8480748.0,1.0309712828291246,1.268161900191978,117.0,12.0,9.462514209095389
8480797.0,0.9844062300431146,0.8476420909974826,75.0,7.0,8.25820245873183
8480798.0,1.043003934447876,1.72032231977305,66.0,8.0,4.650291348341852
8480800.0,0.9686791757659161,0.4518005038421227,112.0,2.0,4.426732557825744
8480802.0,1.0113090434985093,1.2109166807220815,61.0,5.0,4.129103248473257
8480803.0,0.9995319856930266,0.9927726901502477,110.0,5.0,5.036399620585144
8480807.0,1.037366978208764,2.299685518293293,62.0,5.0,2.1742103258147836
8480817.0,0.9881477907899054,0.6896475550544481,76.0,2.0,2.900032031349838
8480830.0,0.9596869763851489,0.6769230290405983,134.0,7.0,10.340909822378308
8480835.0,0.9766639119031941,0.6855841363952605,63.0,4.0,5.834440716542304
8480839.0,0.9655223683850502,0.42727969383878556,112.0,2.0,4.680774745065719
8480848.0,0.9595347697033059,0.38698503855920086,54.0,2.0,5.1681584576144814
8480849.0,0.9670224605598886,0.6042690107452027,59.0,4.0,6.61956831952557
8480855.0,0.9408066496009677,0.2965407743044976,60.0,2.0,6.744435077067465
8480865.0,1.0155355303045472,1.417963613888895,85.0,4.0,2.820946857042145
8480893.0,1.048421852974594,1.369585786393074,137.0,15.0,10.95221646502614
8480980.0,1.0180911557877308,1.304775804236414,69.0,6.0,4.598491158802062
8481024.0,0.9688048995459739,0.6665364461696336,63.0,5.0,7.5014652668032795
8481032.0,0.9909530481944713,0.8508583668735283,53.0,4.0,4.701134942937642
8481068.0,0.9984332456631196,0.9798547256930239,68.0,6.0,6.123356700409204
8481522.0,0.947507826284838,0.0,53.0,0.0,4.074567199219018
8481524.0,1.0312237069249186,1.5294741034573676,72.0,7.0,4.576736529357731
8481528.0,1.010781313240426,1.1067884880262342,89.0,9.0,8.131634993827902
8481533.0,1.059244202979988,1.5339428241407365,116.0,14.0,9.126806931570172
8481540.0,1.0848335184244142,1.6179361470290496,133.0,19.0,11.743355901213363
8481542.0,1.006944650191571,1.1529552888139436,106.0,4.0,3.4693452892825007
8481553.0,1.0004257909412655,1.0042958958369508,73.0,8.0,7.965779839549214
8481557.0,1.0616522938113215,1.3895151555251737,169.0,19.0,13.673834304325283
8481559.0,1.0319291144786924,1.3439001560523525,93.0,10.0,7.441028974484652
8481580.0,0.9406755012774718,0.4511494262891737,90.0,4.0,8.866242018528283
8481582.0,1.017870392049624,1.3000059157712764,57.0,6.0,4.61536361274193
8481596.0,1.0395370864841396,1.307082264680615,106.0,14.0,10.71087901527062
8481598.0,0.985589103100736,0.6457762826615352,67.0,2.0,3.0970477759838104
8481601.0,1.042816021736959,1.715056933828368,55.0,8.0,4.664568179752678
8481604.0,1.0446162673164814,1.3319409486772285,127.0,15.0,11.261760526918806
8481605.0,0.9871861583245839,0.8005359726629135,97.0,4.0,4.99665241362527
8481606.0,0.9768144630870444,0.36230279203372234,51.0,1.0,2.760122256819159
8481617.0,1.0095703280949475,1.1420675012316905,61.0,6.0,5.253629924263805
8481624.0,0.9806725796051139,0.7255521643559779,66.0,4.0,5.513042612932622
8481656.0,1.0243593670260795,1.244198408196774,102.0,10.0,8.037303322460502
8481716.0,0.9953964666050589,0.9662590649135521,98.0,11.0,11.38411053456366
8481721.0,1.0081112261904845,1.100706131157523,102.0,7.0,6.359553928021342
8481806.0,1.010737660764539,1.6659553614067122,52.0,2.0,1.2005123584531248
8482055.0,1.017081516074156,1.2365546223371804,55.0,7.0,5.660890245810151
8482073.0,0.994063088676763,0.692919661845467,54.0,1.0,1.4431687467731535
8482074.0,0.9788776148151755,0.7071378562988894,61.0,4.0,5.656605659518391
8482077.0,1.0094752926141555,1.1043067041745989,98.0,8.0,7.244364242069423
8482078.0,1.048830435710665,1.5524873087091737,96.0,11.0,7.085404137149453
8482088.0,0.9750294111917001,0.6068160760771528,61.0,3.0,4.943837380502373
8482092.0,0.9483247354318675,0.32778082543892256,59.0,2.0,6.101638182532042
8482093.0,1.0515756907760139,1.3270778672365429,129.0,18.0,13.563635144848377
8482095.0,0.9825800196054881,0.0,52.0,0.0,1.2993390983901918
8482097.0,1.0044447459303154,1.0465676626534783,99.0,8.0,7.644035149831325
8482100.0,0.9992704827728011,0.9818451229806545,77.0,3.0,3.0554717131890357
8482105.0,1.0207132864547979,1.3641093686174253,111.0,6.0,4.398474299814552
8482109.0,0.9826713578606695,0.8332722297115848,94.0,7.0,8.400615969672799
8482110.0,1.0183957333614793,1.1749285296810732,92.0,10.0,8.511155995773152
8482113.0,1.0035712368413074,1.0371055787500767,94.0,8.0,7.713775881566107
8482116.0,1.053159073408194,1.4562906485366514,98.0,14.0,9.61346556339413
8482122.0,1.045596817528069,2.0047312222474996,104.0,7.0,3.4917399012483656
8482124.0,0.9482042963322416,0.4873559123450906,98.0,4.0,8.20755406608805
8482142.0,0.9937210118302174,0.8082999326155207,54.0,2.0,2.4743290445767343
8482145.0,0.9794200233970006,0.7126105536803776,64.0,4.0,5.6131641319952905
8482146.0,0.9626851913874989,0.5731703439213209,97.0,4.0,6.978728125803173
8482155.0,0.9826371542226763,0.8121566845653878,95.0,6.0,7.387737014330924
8482157.0,0.9808896635225125,0.8364006817693108,104.0,8.0,9.564793733879924
8482159.0,1.0733701099629072,2.3569340612516623,59.0,10.0,4.242800069972873
8482175.0,1.0744878464103527,1.9881956633348734,86.0,12.0,6.035623264499009
8482245.0,1.0196190482495378,1.9578664877841276,53.0,3.0,1.5322801726870239
8482259.0,1.0387588568494934,1.6085670108940673,85.0,8.0,4.973370674531907
8482476.0,1.0188869544900772,1.1633582881238524,93.0,11.0,9.455384564062115
8482655.0,0.9839852864814864,0.45311843275922326,53.0,1.0,2.2069285372272134
8482659.0,0.9848130898739997,0.8876045529655158,100.0,10.0,11.266278396826237
8482660.0,1.0185001477533455,1.2609799539202298,77.0,7.0,5.551238128915429
8482665.0,0.9618336337707154,0.5673998525932442,90.0,4.0,7.049702219199389
8482667.0,0.9928733394752269,0.9246617903264754,93.0,7.0,7.570335525088012
8482671.0,1.0092114408113462,1.301294707764562,65.0,3.0,2.3053962965495884
8482679.0,0.9851790137674189,0.880470839766251,115.0,9.0,10.221803600434214
8482684.0,0.9562828231253009,0.22746706706600667,96.0,1.0,4.396240796078928
8482691.0,0.9820358246115006,0.6836298412589956,51.0,3.0,4.388339740224183
8482699.0,1.006421792586206,1.0506771470783112,148.0,11.0,10.469438714440912
8482702.0,0.9540327951062745,0.5714480504343088,86.0,5.0,8.749701737891883
8482703.0,0.9667654112059126,0.5347059091176601,56.0,3.0,5.610560775268823
8482705.0,0.9611734561040582,0.4942865755356231,83.0,3.0,6.06935358652845
8482713.0,0.9444513056208343,0.40093751179534626,92.0,3.0,7.482462757267058
8482720.0,0.982796044458307,0.8505235351194652,72.0,8.0,9.405971345491707
8482730.0,1.0231018388668882,1.5448001523892536,80.0,5.0,3.2366646211594343
8482737.0,0.9958347760401013,0.9480596405034921,62.0,6.0,6.328715772368014
8482740.0,1.044645655686067,1.289625801054936,114.0,17.0,13.182118399068713
8482745.0,0.997452234437053,0.9794435550621806,106.0,10.0,10.209878811612725
8482762.0,1.0131254567336574,1.4900922756046784,52.0,3.0,2.013298135367222
8482775.0,1.032248815930297,1.396712728590836,63.0,9.0,6.4437015685252845
8482803.0,1.0124661857245434,1.2373564668947452,91.0,5.0,4.040872726473026
8482809.0,0.9573362549621032,0.6905298741277986,111.0,8.0,11.5853061536327
8483431.0,1.0686311651198306,1.6091453973453684,94.0,15.0,9.321718239225447
8483445.0,1.0716999080555267,1.5974864865477203,169.0,16.0,10.015734176617116
8483457.0,1.0157283260620247,1.3182360101509858,67.0,5.0,3.7929475158452988
8483464.0,0.9646090936062078,0.5184286588814817,68.0,3.0,5.786717128008604
8483489.0,1.0022145757486465,1.0298276015737313,65.0,6.0,5.826217893976718
8483493.0,0.9500413743920844,0.5497315466934072,89.0,5.0,9.095348502509296
8483495.0,1.066188647383632,2.757508831046656,70.0,8.0,2.9011693126522005
8483506.0,0.9840210848721744,0.4536817989197511,67.0,1.0,2.2041880507022142
8483512.0,0.9873018479878329,0.8558920735601769,66.0,6.0,7.0102296601980925
8483515.0,1.0118381192279424,1.1183821860188943,89.0,9.0,8.047338479198515
8483516.0,0.9729115763680739,0.6980848186902633,84.0,5.0,7.1624534241855145
8483524.0,0.9881199151513302,0.8426344786063937,57.0,5.0,5.933770961128175
8483565.0,1.0130833339359935,1.331034805800038,51.0,4.0,3.0051806177943945
8483609.0,0.9788991922944567,0.552922439589884,51.0,2.0,3.6171438465826213
8483690.0,0.9818428574005623,0.738042514412492,55.0,4.0,5.419741982186679
8483808.0,0.9763447598295676,0.6825761840864221,52.0,4.0,5.860151721164584
8484144.0,1.100130492708475,1.8150854559123462,153.0,19.0,10.467826701002195
8484153.0,1.0686692360485106,1.5173464357260638,122.0,17.0,11.203769686166197
8484158.0,0.9796173291761344,0.6551470845284791,53.0,3.0,4.579124399460852
8484166.0,1.0109293471692313,1.0819854698067275,132.0,12.0,11.09072195040062
8484186.0,1.0011129482215768,1.012790578130972,91.0,7.0,6.911596682621166
8484223.0,1.0021047138516237,1.085670722531574,61.0,2.0,1.842179178725928
8484227.0,1.0426749390194847,1.406761652208175,109.0,12.0,8.530229681171477
8484241.0,1.0179200901507048,1.215719449564729,58.0,8.0,6.580465585924685
8484258.0,0.9997653933284967,0.9912633427248684,76.0,2.0,2.0176273183897138
8484387.0,1.0489048790584008,1.633750808336207,76.0,10.0,6.120884500240209
8484471.0,0.9790731670145347,0.7813842698734387,69.0,6.0,7.678680300246924
8484762.0,1.0056929893308515,1.0488291341945648,86.0,10.0,9.534441477619112
8484801.0,1.0673353347343693,1.5913767453654122,127.0,15.0,9.425800674594939
8484984.0,0.9980148416105908,0.9746022045208484,61.0,6.0,6.15635791933164
8485366.0,1.025780130863532,1.3401214944708069,113.0,8.0,5.969608004204929
8485414.0,0.9805204107566555,0.8160492686338544,80.0,7.0,8.577913453336805
